,企业代号,发票号码,开票日期,销方单位代号,金额,税额,价税合计,发票状态
391397,E394,175758,2017/1/11,C13388,42678.0,0.0,42678.0,有效发票
391398,E394,195433,2017/3/8,C13386,42678.0,0.0,42678.0,有效发票
391399,E394,1235384,2017/5/25,C13385,42678.0,0.0,42678.0,作废发票
391400,E394,1235404,2017/5/27,C13385,42678.0,0.0,42678.0,有效发票
391401,E394,8850497,2017/6/5,C14439,7539.34,452.36,7991.7,有效发票
391402,E394,8680952,2017/6/6,C15394,342.86,17.14,360.0,有效发票
391403,E394,3466590,2017/7/1,C22567,576.7,17.3,594.0,有效发票
391404,E394,8815034,2017/7/4,C14439,590.3,87.1,677.4,有效发票
391405,E394,12174634,2017/8/1,C14439,795.86,119.64,915.5,有效发票
391406,E394,6955433,2017/8/8,C11882,137.86,4.14,142.0,有效发票
391407,E394,22443918,2017/8/9,C08135,12.26,0.74,13.0,有效发票
391408,E394,15442264,2017/8/10,C13313,405.83,12.17,418.0,有效发票
391409,E394,15410613,2017/8/11,C11976,108.74,3.26,112.0,有效发票
391410,E394,18584403,2017/8/14,C12302,1095.15,32.85,1128.0,有效发票
391411,E394,18584404,2017/8/14,C12302,365.05,10.95,376.0,有效发票
391412,E394,19092689,2017/8/14,C13186,969.9,29.1,999.0,有效发票
391413,E394,19092690,2017/8/14,C13186,338.83,10.17,349.0,有效发票
391414,E394,18635035,2017/8/23,C22567,198.06,5.94,204.0,有效发票
391415,E394,22271495,2017/8/25,C08135,24.53,1.47,26.0,有效发票
391416,E394,10770491,2017/9/4,C04980,288.35,8.65,297.0,有效发票
391417,E394,3108918,2017/9/4,C14439,1282.27,202.33,1484.6,有效发票
391418,E394,5195418,2017/9/6,C14568,225.24,6.76,232.0,有效发票
391419,E394,8912730,2017/9/7,C15394,342.86,17.14,360.0,有效发票
391420,E394,25378417,2017/9/8,C02340,169.0,0.0,169.0,有效发票
391421,E394,2303049,2017/9/8,C13389,42678.0,0.0,42678.0,有效发票
391422,E394,15966742,2017/9/14,C14439,7539.34,452.36,7991.7,有效发票
391423,E394,22642909,2017/9/25,C22547,243.69,7.31,251.0,有效发票
391424,E394,5460117,2017/9/26,C02972,478.63,81.37,560.0,有效发票
391425,E394,43760222,2017/9/26,C08135,21.7,1.3,23.0,有效发票
391426,E394,6123785,2017/9/29,C14440,341.88,58.12,400.0,有效发票
391427,E394,10699748,2017/10/1,C17908,233.01,6.99,240.0,有效发票
391428,E394,52551977,2017/10/2,C11733,247.01,41.99,289.0,有效发票
391429,E394,10703351,2017/10/2,C17906,555.34,16.66,572.0,有效发票
391430,E394,14433396,2017/10/6,C09001,241.75,7.25,249.0,有效发票
391431,E394,26253550,2017/10/11,C02340,169.0,0.0,169.0,有效发票
391432,E394,15966802,2017/10/11,C14439,809.53,126.17,935.7,有效发票
391433,E394,19422607,2017/10/12,C03146,170.94,29.06,200.0,有效发票
391434,E394,21441476,2017/10/16,C14144,266.99,8.01,275.0,有效发票
391435,E394,23450918,2017/10/17,C12836,373.58,22.42,396.0,有效发票
391436,E394,153392,2017/10/19,C07712,435.09,44.91,480.0,有效发票
391437,E394,43952157,2017/10/20,C08135,21.7,1.3,23.0,有效发票
391438,E394,43954471,2017/10/20,C08135,43.4,2.6,46.0,有效发票
391439,E394,15812473,2017/10/20,C23259,232.04,6.96,239.0,有效发票
391440,E394,4010232,2017/10/24,C11315,44.7,0.0,44.7,有效发票
391441,E394,14004475,2017/10/30,C06725,208.12,35.38,243.5,有效发票
391442,E394,47741294,2017/10/30,C08135,21.7,1.3,23.0,有效发票
391443,E394,43696740,2017/10/30,C08135,58.49,3.51,62.0,有效发票
391444,E394,8194736,2017/11/1,C14439,471.74,71.16,542.9,有效发票
391445,E394,8290543,2017/11/3,C12475,87.38,2.62,90.0,有效发票
391446,E394,14983456,2017/11/7,C17386,810.68,24.32,835.0,有效发票
391447,E394,15817278,2017/11/9,C23259,87.38,2.62,90.0,有效发票
391448,E394,43728711,2017/11/16,C08135,12.26,0.74,13.0,有效发票
391449,E394,84639261,2017/11/20,C15347,58.46,6.44,64.9,有效发票
391450,E394,47844752,2017/11/21,C08135,36.79,2.21,39.0,有效发票
391451,E394,8290678,2017/11/22,C12475,371.84,11.16,383.0,有效发票
391452,E394,26377226,2017/11/22,C12836,171.7,10.3,182.0,有效发票
391453,E394,4516674,2017/11/23,C02249,3231.7,193.92,3425.62,有效发票
391454,E394,54381948,2017/11/23,C02340,169.0,0.0,169.0,有效发票
391455,E394,47793443,2017/11/27,C08135,12.26,0.74,13.0,有效发票
391456,E394,15952992,2017/11/27,C15394,342.86,17.14,360.0,有效发票
391457,E394,23599059,2017/11/27,C23259,669.9,20.1,690.0,有效发票
391458,E394,47979298,2017/11/30,C08135,21.7,1.3,23.0,有效发票
391459,E394,57802813,2017/12/1,C08135,21.7,1.3,23.0,有效发票
391460,E394,19163780,2017/12/3,C12822,716.04,42.96,759.0,有效发票
391461,E394,8244684,2017/12/6,C14439,632.38,72.02,704.4,有效发票
391462,E394,2388041,2017/12/11,C13383,42678.0,0.0,42678.0,有效发票
391463,E394,54716455,2017/12/12,C02340,169.0,0.0,169.0,有效发票
391464,E394,26360911,2017/12/12,C23259,120.75,7.25,128.0,有效发票
391465,E394,26360951,2017/12/13,C23259,142.45,8.55,151.0,有效发票
391466,E394,2869640,2017/12/14,C12400,8880.58,266.42,9147.0,作废发票
391467,E394,2869641,2017/12/14,C12400,5920.39,177.61,6098.0,作废发票
391468,E394,2869642,2017/12/14,C12400,8880.58,266.42,9147.0,作废发票
391469,E394,2869643,2017/12/14,C12400,5920.39,177.61,6098.0,作废发票
391470,E394,2869644,2017/12/14,C12400,8880.58,266.42,9147.0,作废发票
391471,E394,2869645,2017/12/14,C12400,5920.39,177.61,6098.0,有效发票
391472,E394,2869646,2017/12/14,C12400,8880.58,266.42,9147.0,有效发票
391473,E394,26361302,2017/12/18,C23259,130.19,7.81,138.0,有效发票
391474,E394,12875907,2017/12/19,C10050,187.38,5.62,193.0,有效发票
391475,E394,6460587,2017/12/20,C07527,51.28,8.72,60.0,有效发票
391476,E394,47927826,2017/12/21,C08135,21.7,1.3,23.0,有效发票
391477,E394,12866268,2017/12/21,C10050,955.34,28.66,984.0,有效发票
391478,E394,57953433,2017/12/22,C08135,12.26,0.74,13.0,有效发票
391479,E394,12866293,2017/12/28,C10050,267.96,8.04,276.0,有效发票
391480,E394,12866294,2017/12/28,C10050,267.96,8.04,276.0,有效发票
391481,E394,2019955,2018/1/1,C12475,333.01,9.99,343.0,有效发票
391482,E394,47953690,2018/1/2,C08135,66.04,3.96,70.0,有效发票
391483,E394,47953854,2018/1/2,C08135,66.04,3.96,70.0,有效发票
391484,E394,12891277,2018/1/2,C10050,133.98,4.02,138.0,作废发票
391485,E394,12891278,2018/1/2,C10050,133.98,4.02,138.0,有效发票
391486,E394,44638711,2018/1/2,C23259,220.75,13.25,234.0,有效发票
391487,E394,2599824,2018/1/4,C11143,268.38,45.62,314.0,有效发票
391488,E394,34987892,2018/1/4,C19485,169.9,5.1,175.0,有效发票
391489,E394,47962766,2018/1/5,C08135,21.7,1.3,23.0,有效发票
391490,E394,89986633,2018/1/5,C08135,10.38,0.62,11.0,有效发票
391491,E394,8047735,2018/1/5,C14953,1051.07,31.53,1082.6,有效发票
391492,E394,11471851,2018/1/8,C14439,7897.57,518.33,8415.9,有效发票
391493,E394,11743726,2018/1/9,C07293,106.8,3.2,110.0,有效发票
391494,E394,55151899,2018/1/11,C02340,169.0,0.0,169.0,有效发票
391495,E394,47975649,2018/1/12,C08135,10.38,0.62,11.0,有效发票
391496,E394,6192404,2018/1/18,C02684,243.59,41.41,285.0,有效发票
391497,E394,6460794,2018/1/18,C07527,51.28,8.72,60.0,有效发票
391498,E394,90090765,2018/1/18,C08135,21.7,1.3,23.0,有效发票
391499,E394,44499454,2018/1/20,C22567,521.7,31.3,553.0,有效发票
391500,E394,90109431,2018/1/24,C08135,10.38,0.62,11.0,有效发票
391501,E394,48015416,2018/1/24,C08135,12.26,0.74,13.0,有效发票
391502,E394,8049222,2018/1/26,C12700,370.09,62.91,433.0,有效发票
391503,E394,70450474,2018/1/29,C05583,135.77,23.08,158.85,有效发票
391504,E394,37499603,2018/1/29,C07991,17.92,1.08,19.0,有效发票
391505,E394,37634595,2018/1/29,C07991,65.09,3.91,69.0,有效发票
391506,E394,20862367,2018/1/29,C12475,970.87,29.13,1000.0,有效发票
391507,E394,90025624,2018/2/2,C08135,78.3,4.7,83.0,有效发票
391508,E394,29422640,2018/2/3,C14599,2448.11,146.89,2595.0,有效发票
391509,E394,45724554,2018/2/3,C22547,127.18,3.82,131.0,有效发票
391510,E394,21123951,2018/2/6,C14439,1010.23,139.17,1149.4,有效发票
391511,E394,58015930,2018/2/8,C08135,21.7,1.3,23.0,有效发票
391512,E394,14965851,2018/2/9,C02340,169.0,0.0,169.0,有效发票
391513,E394,44835496,2018/2/10,C23259,1886.79,113.21,2000.0,有效发票
391514,E394,3447798,2018/2/18,C11143,461.54,78.46,540.0,有效发票
391515,E394,4016032,2018/2/21,C11143,227.38,38.65,266.03,有效发票
391516,E394,46539131,2018/2/21,C22567,250.0,15.0,265.0,有效发票
391517,E394,45751962,2018/2/22,C05755,32.08,1.92,34.0,有效发票
391518,E394,14538028,2018/2/26,C14175,71.7,4.3,76.0,有效发票
391519,E394,47322460,2018/3/3,C17433,141.75,4.25,146.0,有效发票
391520,E394,14896522,2018/3/5,C02340,169.0,0.0,169.0,有效发票
391521,E394,639342,2018/3/5,C13389,42678.0,0.0,42678.0,有效发票
391522,E394,45146389,2018/3/6,C09055,84.91,5.09,90.0,有效发票
391523,E394,14703578,2018/3/6,C14439,8566.08,595.42,9161.5,有效发票
391524,E394,27393952,2018/3/8,C11851,256.41,43.59,300.0,有效发票
391525,E394,21558989,2018/3/8,C13832,394.17,11.83,406.0,有效发票
391526,E394,36024889,2018/3/12,C12711,316.59,53.81,370.4,有效发票
391527,E394,36025166,2018/3/12,C12711,316.59,53.81,370.4,有效发票
391528,E394,36084674,2018/3/15,C02374,227.35,38.65,266.0,有效发票
391529,E394,13588705,2018/3/15,C15394,342.86,17.14,360.0,有效发票
391530,E394,87146857,2018/3/21,C02374,98.29,16.71,115.0,有效发票
391531,E394,3020924,2018/3/22,C20977,282.52,8.48,291.0,有效发票
391532,E394,36031367,2018/3/23,C12711,-316.59,-53.81,-370.4,有效发票
391533,E394,4031935,2018/3/26,C11143,211.11,35.89,247.0,有效发票
391534,E394,34572961,2018/3/29,C02374,264.95,45.05,310.0,有效发票
391535,E394,31195531,2018/3/30,C12836,101.89,6.11,108.0,有效发票
391536,E394,46860845,2018/3/30,C23259,461.32,27.68,489.0,有效发票
391537,E394,50504729,2018/3/31,C15665,253.4,7.6,261.0,有效发票
391538,E394,40563315,2018/4/4,C05866,269.29,45.78,315.07,有效发票
391539,E394,14703669,2018/4/4,C14439,406.76,60.04,466.8,有效发票
391540,E394,15105190,2018/4/8,C02340,169.1,0.0,169.1,有效发票
391541,E394,35515414,2018/4/8,C02374,191.45,32.55,224.0,有效发票
391542,E394,13665499,2018/4/13,C12475,347.57,10.43,358.0,有效发票
391543,E394,21468816,2018/4/13,C22547,77.67,2.33,80.0,有效发票
391544,E394,27739093,2018/4/18,C06725,229.06,38.94,268.0,有效发票
391545,E394,8388826,2018/4/20,C02888,170.94,29.06,200.0,有效发票
391546,E394,90159792,2018/4/23,C08135,32.08,1.92,34.0,有效发票
391547,E394,21858909,2018/4/24,C14152,52.15,8.85,61.0,有效发票
391548,E394,79165245,2018/4/25,C02374,265.82,45.18,311.0,有效发票
391549,E394,70621771,2018/4/28,C05583,123.93,21.07,145.0,有效发票
391550,E394,21105555,2018/4/28,C12700,460.68,78.32,539.0,有效发票
391551,E394,5725829,2018/4/30,C11143,85.47,14.53,100.0,有效发票
391552,E394,49322579,2018/5/1,C22567,204.72,12.28,217.0,有效发票
391553,E394,17101312,2018/5/2,C07293,106.8,3.2,110.0,有效发票
391554,E394,27483297,2018/5/3,C11851,172.41,27.59,200.0,有效发票
391555,E394,4773044,2018/5/3,C12252,9708.74,291.26,10000.0,作废发票
391556,E394,4773045,2018/5/3,C12252,9708.74,291.26,10000.0,作废发票
391557,E394,45296154,2018/5/4,C09055,273.58,16.42,290.0,有效发票
391558,E394,4487419,2018/5/4,C11143,278.45,44.55,323.0,有效发票
391559,E394,17958831,2018/5/7,C06668,1456.31,43.69,1500.0,有效发票
391560,E394,22240890,2018/5/7,C09131,339.81,10.19,350.0,有效发票
391561,E394,18220620,2018/5/7,C14439,371.5,48.1,419.6,有效发票
391562,E394,21779892,2018/5/8,C12252,9708.74,291.26,10000.0,有效发票
391563,E394,21779893,2018/5/8,C12252,9708.74,291.26,10000.0,有效发票
391564,E394,4773046,2018/5/8,C12252,9708.74,291.26,10000.0,作废发票
391565,E394,15650918,2018/5/8,C14953,1863.11,55.89,1919.0,有效发票
391566,E394,46234381,2018/5/10,C12822,913.21,54.79,968.0,有效发票
391567,E394,15578647,2018/5/10,C23259,241.75,7.25,249.0,有效发票
391568,E394,46234411,2018/5/11,C12822,1004.72,60.28,1065.0,有效发票
391569,E394,46234415,2018/5/11,C12822,508.49,30.51,539.0,有效发票
391570,E394,46234441,2018/5/12,C12822,873.58,52.42,926.0,有效发票
391571,E394,15669215,2018/5/14,C02340,169.2,0.0,169.2,有效发票
391572,E394,15509741,2018/5/14,C23259,127.18,3.82,131.0,有效发票
391573,E394,16764544,2018/5/18,C12252,9708.74,291.26,10000.0,有效发票
391574,E394,16764545,2018/5/18,C12252,9708.74,291.26,10000.0,有效发票
391575,E394,79421744,2018/5/21,C02374,172.41,27.59,200.0,有效发票
391576,E394,21995995,2018/5/21,C14376,182.52,5.48,188.0,有效发票
391577,E394,25415047,2018/5/24,C12822,500.94,30.06,531.0,有效发票
391578,E394,77114587,2018/5/27,C02374,267.24,42.76,310.0,有效发票
391579,E394,96961554,2018/5/30,C08135,22.64,1.36,24.0,有效发票
391580,E394,12747255,2018/6/3,C17433,100.97,3.03,104.0,有效发票
391581,E394,96986521,2018/6/5,C08135,28.3,1.7,30.0,有效发票
391582,E394,4087058,2018/6/5,C13385,42678.0,0.0,42678.0,有效发票
391583,E394,45399200,2018/6/7,C08135,60.38,3.62,64.0,有效发票
391584,E394,93055926,2018/6/7,C11143,284.48,45.52,330.0,有效发票
391585,E394,3758178,2018/6/8,C14439,8009.05,517.45,8526.5,有效发票
391586,E394,49404735,2018/6/9,C05797,152.83,9.17,162.0,有效发票
391587,E394,22629573,2018/6/11,C02340,169.0,0.0,169.0,有效发票
391588,E394,97003833,2018/6/11,C08135,10.38,0.62,11.0,有效发票
391589,E394,16764547,2018/6/12,C12252,-9708.74,-291.26,-10000.0,作废发票
391590,E394,16764548,2018/6/12,C12252,-9708.74,-291.26,-10000.0,有效发票
391591,E394,22112274,2018/6/12,C14152,153.14,22.27,175.41,有效发票
391592,E394,27613680,2018/6/13,C11851,278.44,44.56,323.0,有效发票
391593,E394,44359350,2018/6/17,C23644,363.11,10.89,374.0,有效发票
391594,E394,20014330,2018/6/18,C12006,151.13,24.19,175.32,有效发票
391595,E394,48696306,2018/6/18,C19482,28.36,4.54,32.9,有效发票
391596,E394,45433353,2018/6/19,C08135,21.7,1.3,23.0,有效发票
391597,E394,24384249,2018/6/20,C22547,66.99,2.01,69.0,有效发票
391598,E394,21656695,2018/6/23,C15235,1262.26,75.74,1338.0,有效发票
391599,E394,15671551,2018/6/27,C12836,92.45,5.55,98.0,有效发票
391600,E394,72229449,2018/7/3,C02374,172.41,27.59,200.0,有效发票
391601,E394,4518741,2018/7/3,C14439,826.15,121.55,947.7,有效发票
391602,E394,27109942,2018/7/4,C07859,1650.94,99.06,1750.0,有效发票
391603,E394,14431115,2018/7/5,C23259,398.11,23.89,422.0,有效发票
391604,E394,15551418,2018/7/7,C23259,485.44,14.56,500.0,作废发票
391605,E394,15551419,2018/7/7,C23259,485.44,14.56,500.0,有效发票
391606,E394,37771443,2018/7/8,C02374,224.13,35.87,260.0,有效发票
391607,E394,24371983,2018/7/8,C22567,563.21,33.79,597.0,有效发票
391608,E394,3655953,2018/7/9,C03215,14563.11,436.89,15000.0,有效发票
391609,E394,4608890,2018/7/9,C15394,342.86,17.14,360.0,有效发票
391610,E394,45522682,2018/7/11,C08135,21.7,1.3,23.0,有效发票
391611,E394,45575579,2018/7/11,C08135,10.38,0.62,11.0,有效发票
391612,E394,45575581,2018/7/11,C08135,42.45,2.55,45.0,有效发票
391613,E394,25508716,2018/7/12,C12912,86.41,2.59,89.0,有效发票
391614,E394,21984221,2018/7/13,C14152,207.79,25.71,233.5,有效发票
391615,E394,12890234,2018/7/16,C16501,156.31,4.69,161.0,有效发票
391616,E394,45551918,2018/7/19,C08135,40.57,2.43,43.0,有效发票
391617,E394,45559551,2018/7/20,C08135,20.75,1.25,22.0,有效发票
391618,E394,73004812,2018/7/22,C02374,258.62,41.38,300.0,有效发票
391619,E394,7947096,2018/7/22,C22920,325.24,9.76,335.0,有效发票
391620,E394,75389320,2018/7/24,C02374,172.4,27.6,200.0,有效发票
391621,E394,32320100,2018/7/28,C22567,513.59,15.41,529.0,有效发票
391622,E394,46465183,2018/8/1,C08135,77.36,4.64,82.0,有效发票
391623,E394,515584,2018/8/1,C13186,172.41,27.59,200.0,有效发票
391624,E394,32397652,2018/8/2,C22547,108.74,3.26,112.0,有效发票
391625,E394,22794146,2018/8/3,C02340,178.0,0.0,178.0,有效发票
391626,E394,22794147,2018/8/3,C02340,170.0,0.0,170.0,有效发票
391627,E394,6497630,2018/8/3,C14439,887.14,129.26,1016.4,有效发票
391628,E394,59664663,2018/8/8,C12849,189.65,30.35,220.0,有效发票
391629,E394,38440920,2018/8/9,C02374,267.24,42.76,310.0,有效发票
391630,E394,32065992,2018/8/13,C13329,86.21,13.79,100.0,有效发票
391631,E394,16764552,2018/8/15,C12252,9708.74,291.26,10000.0,有效发票
391632,E394,16764553,2018/8/15,C12252,9708.74,291.26,10000.0,有效发票
391633,E394,699294,2018/8/24,C11855,172.41,27.59,200.0,有效发票
391634,E394,4357882,2018/8/29,C13186,172.41,27.59,200.0,有效发票
391635,E394,23328340,2018/9/1,C13349,172.41,27.59,200.0,有效发票
391636,E394,5147650,2018/9/2,C22567,283.5,8.5,292.0,有效发票
391637,E394,6497698,2018/9/3,C14439,962.94,141.96,1104.9,有效发票
391638,E394,6140860,2018/9/4,C12475,271.84,8.16,280.0,有效发票
391639,E394,46790502,2018/9/5,C08135,21.7,1.3,23.0,有效发票
391640,E394,46798915,2018/9/7,C08135,32.08,1.92,34.0,有效发票
391641,E394,14638107,2018/9/7,C23259,176.7,5.3,182.0,有效发票
391642,E394,2384776,2018/9/8,C22547,66.02,1.98,68.0,有效发票
391643,E394,16131681,2018/9/11,C14439,6284.63,377.07,6661.7,有效发票
391644,E394,2865065,2018/9/11,C17386,198.06,5.94,204.0,有效发票
391645,E394,16604153,2018/9/12,C15394,342.86,17.14,360.0,有效发票
391646,E394,30927960,2018/9/15,C09055,450.0,27.0,477.0,作废发票
391647,E394,30927961,2018/9/15,C09055,450.0,27.0,477.0,有效发票
391648,E394,46257573,2018/9/17,C08135,32.08,1.92,34.0,有效发票
391649,E394,70837498,2018/9/17,C12006,112.27,11.23,123.5,有效发票
391650,E394,70561156,2018/9/17,C12006,143.09,14.31,157.4,有效发票
391651,E394,46758770,2018/9/18,C08135,21.7,1.3,23.0,有效发票
391652,E394,4086847,2018/9/18,C16420,42678.0,0.0,42678.0,有效发票
391653,E394,32363447,2018/9/23,C22547,262.14,7.86,270.0,有效发票
391654,E394,92462675,2018/9/24,C11143,301.72,48.28,350.0,有效发票
391655,E394,92474570,2018/9/26,C11143,161.2,25.8,187.0,有效发票
391656,E394,16764558,2018/9/26,C12252,9708.74,291.26,10000.0,有效发票
391657,E394,16764559,2018/9/26,C12252,9708.74,291.26,10000.0,有效发票
391658,E394,16764560,2018/9/26,C12252,9708.74,291.26,10000.0,有效发票
391659,E394,16764561,2018/9/26,C12252,9708.74,291.26,10000.0,有效发票
391660,E394,82429062,2018/9/28,C02340,170.1,0.0,170.1,有效发票
391661,E394,61916475,2018/9/28,C07715,264.15,15.85,280.0,有效发票
391662,E394,46842103,2018/9/28,C08135,43.4,2.6,46.0,有效发票
391663,E394,31459602,2018/9/28,C12720,1895.69,303.31,2199.0,有效发票
391664,E394,85716582,2018/9/29,C05705,277.58,44.42,322.0,有效发票
391665,E394,14686870,2018/9/30,C23259,850.49,25.51,876.0,有效发票
391666,E394,4234503,2018/10/1,C12685,434.95,13.05,448.0,有效发票
391667,E394,7786867,2018/10/7,C22567,353.4,10.6,364.0,有效发票
391668,E394,46635906,2018/10/8,C08135,51.89,3.11,55.0,有效发票
391669,E394,17405040,2018/10/10,C14439,1033.89,153.31,1187.2,有效发票
391670,E394,5669765,2018/10/13,C11855,172.41,27.59,200.0,有效发票
391671,E394,33581302,2018/10/16,C11984,258.62,41.38,300.0,有效发票
391672,E394,8322307,2018/10/24,C23259,401.94,12.06,414.0,有效发票
391673,E394,85373802,2018/10/27,C05698,258.62,41.38,300.0,有效发票
391674,E394,97787976,2018/10/30,C02374,86.21,13.79,100.0,有效发票
391675,E394,47279645,2018/11/5,C08135,20.75,1.25,22.0,有效发票
391676,E394,18450684,2018/11/5,C14439,426.83,56.77,483.6,有效发票
391677,E394,40306670,2018/11/12,C02374,86.2,13.8,100.0,有效发票
391678,E394,10364738,2018/11/13,C12006,491.38,78.62,570.0,有效发票
391679,E394,43878519,2018/11/19,C13186,172.41,27.59,200.0,有效发票
391680,E394,47453210,2018/11/27,C08135,21.7,1.3,23.0,有效发票
391681,E394,47034941,2018/11/27,C08135,21.7,1.3,23.0,有效发票
391682,E394,47034943,2018/11/27,C08135,10.38,0.62,11.0,有效发票
391683,E394,47034946,2018/11/27,C08135,21.7,1.3,23.0,有效发票
391684,E394,47048092,2018/11/30,C08135,21.7,1.3,23.0,有效发票
391685,E394,18450748,2018/12/3,C14439,393.39,49.11,442.5,有效发票
391686,E394,7126808,2018/12/6,C12700,713.79,114.21,828.0,有效发票
391687,E394,19875218,2018/12/6,C14439,6265.76,375.94,6641.7,有效发票
391688,E394,81932189,2018/12/7,C02340,169.0,0.0,169.0,有效发票
391689,E394,95772990,2018/12/7,C02340,169.1,0.0,169.1,有效发票
391690,E394,82595546,2018/12/7,C02340,169.0,0.0,169.0,有效发票
391691,E394,43882293,2018/12/7,C13186,172.41,27.59,200.0,有效发票
391692,E394,43882731,2018/12/9,C13186,267.24,42.76,310.0,有效发票
391693,E394,98548741,2018/12/10,C02374,120.69,19.31,140.0,有效发票
391694,E394,8635693,2018/12/10,C02890,86.21,13.79,100.0,有效发票
391695,E394,32065903,2018/12/11,C23259,533.98,16.02,550.0,有效发票
391696,E394,98478797,2018/12/12,C02374,219.82,35.18,255.0,有效发票
391697,E394,47225691,2018/12/12,C08135,10.38,0.62,11.0,有效发票
391698,E394,18623425,2018/12/12,C09502,610.34,97.66,708.0,有效发票
391699,E394,33321770,2018/12/12,C15394,342.86,17.14,360.0,作废发票
391700,E394,95054719,2018/12/19,C02304,754.72,45.28,800.0,有效发票
391701,E394,95054720,2018/12/19,C02304,1454.75,87.29,1542.04,有效发票
391702,E394,32841020,2018/12/19,C15859,268.93,8.07,277.0,作废发票
391703,E394,32841021,2018/12/19,C15859,268.93,8.07,277.0,有效发票
391704,E394,6284713,2018/12/20,C13205,303.88,9.12,313.0,有效发票
391705,E394,6499463,2018/12/21,C12836,405.66,24.34,430.0,有效发票
391706,E394,45011848,2018/12/21,C23259,764.08,22.92,787.0,有效发票
391707,E394,48032124,2018/12/24,C08135,42.45,2.55,45.0,有效发票
391708,E394,48032125,2018/12/24,C08135,10.38,0.62,11.0,有效发票
391709,E394,45248403,2018/12/24,C23259,84.47,2.53,87.0,有效发票
391710,E394,82891630,2018/12/26,C11143,129.31,20.69,150.0,有效发票
391711,E394,4687321,2018/12/26,C16420,28452.0,0.0,28452.0,有效发票
391712,E394,44440739,2018/12/29,C22547,291.26,8.74,300.0,有效发票
391713,E394,1872930,2018/12/30,C20289,664.08,19.92,684.0,有效发票
391714,E394,1872931,2018/12/31,C20289,221.36,6.64,228.0,有效发票
391715,E394,33800071,2019/1/2,C14439,690.6,86.0,776.6,有效发票
391716,E394,33800072,2019/1/2,C14439,4177.17,250.63,4427.8,有效发票
391717,E394,33800078,2019/1/2,C14439,-6265.76,-375.94,-6641.7,有效发票
391718,E394,47895956,2019/1/3,C08135,10.38,0.62,11.0,有效发票
391719,E394,47895965,2019/1/3,C08135,21.7,1.3,23.0,有效发票
391720,E394,47895968,2019/1/3,C08135,21.7,1.3,23.0,有效发票
391721,E394,47895971,2019/1/3,C08135,10.38,0.62,11.0,有效发票
391722,E394,47895975,2019/1/3,C08135,10.38,0.62,11.0,有效发票
391723,E394,9741444,2019/1/3,C20289,5825.24,174.76,6000.0,有效发票
391724,E394,31640918,2019/1/7,C02374,172.42,27.58,200.0,有效发票
391725,E394,9613418,2019/1/8,C19544,401.94,12.06,414.0,有效发票
391726,E394,30375166,2019/1/9,C02374,216.52,34.64,251.16,有效发票
391727,E394,3326338,2019/1/9,C20977,265.05,7.95,273.0,有效发票
391728,E394,32754758,2019/1/11,C02374,172.41,27.59,200.0,有效发票
391729,E394,47815332,2019/1/14,C08135,21.7,1.3,23.0,有效发票
391730,E394,19655801,2019/1/23,C11955,1943.4,116.6,2060.0,有效发票
391731,E394,26934059,2019/1/24,C12006,167.24,26.76,194.0,有效发票
391732,E394,160670,2019/1/24,C12006,64.66,10.34,75.0,有效发票
391733,E394,25542505,2019/1/24,C12006,-64.66,-10.34,-75.0,有效发票
391734,E394,16438452,2019/1/30,C12561,18.83,1.89,20.72,有效发票
391735,E394,30930746,2019/2/1,C11851,172.41,27.59,200.0,有效发票
391736,E394,30749665,2019/2/5,C11851,99.13,15.87,115.0,有效发票
391737,E394,48671046,2019/2/11,C22547,250.49,7.51,258.0,有效发票
391738,E394,87793495,2019/2/12,C11143,172.41,27.59,200.0,有效发票
391739,E394,49473305,2019/2/12,C17386,681.55,20.45,702.0,有效发票
391740,E394,86606107,2019/2/13,C06416,1110.68,33.32,1144.0,作废发票
391741,E394,86606109,2019/2/13,C06416,1110.68,33.32,1144.0,有效发票
391742,E394,3014340,2019/2/13,C12006,132.43,21.17,153.6,有效发票
391743,E394,45924584,2019/2/13,C14350,58.25,1.75,60.0,有效发票
391744,E394,44805412,2019/2/18,C16523,86.21,13.79,100.0,有效发票
391745,E394,7310268,2019/2/19,C20289,664.08,19.92,684.0,有效发票
391746,E394,22421098,2019/2/21,C09632,97.09,2.91,100.0,有效发票
391747,E394,31694415,2019/2/22,C02374,216.37,34.63,251.0,有效发票
391748,E394,4680636,2019/2/22,C08036,4433.96,266.04,4700.0,有效发票
391749,E394,4687759,2019/2/22,C16420,14226.0,0.0,14226.0,有效发票
391750,E394,952626,2019/2/22,C20977,381.55,11.45,393.0,有效发票
391751,E394,56912438,2019/2/23,C02374,232.75,37.25,270.0,有效发票
391752,E394,57670226,2019/2/24,C02374,189.65,30.35,220.0,有效发票
391753,E394,32369585,2019/2/25,C02374,129.3,20.7,150.0,有效发票
391754,E394,27458347,2019/2/25,C08135,32.08,1.92,34.0,有效发票
391755,E394,22611279,2019/2/25,C20289,7281.55,218.45,7500.0,有效发票
391756,E394,22611280,2019/2/25,C20289,7281.55,218.45,7500.0,有效发票
391757,E394,19997727,2019/2/26,C12169,380.5,19.5,400.0,有效发票
391758,E394,93488987,2019/2/26,C14175,31.13,1.87,33.0,有效发票
391759,E394,32801933,2019/2/27,C17386,145.63,4.37,150.0,作废发票
391760,E394,32801934,2019/2/27,C17386,145.63,4.37,150.0,有效发票
391761,E394,15012910,2019/2/28,C16438,136.89,4.11,141.0,有效发票
391762,E394,55970511,2019/3/1,C02374,172.41,27.59,200.0,有效发票
391763,E394,19997778,2019/3/1,C12169,410.3,24.62,434.92,有效发票
391764,E394,19997791,2019/3/1,C12169,380.5,19.5,400.0,有效发票
391765,E394,96682689,2019/3/4,C02340,169.1,0.0,169.1,有效发票
391766,E394,96682690,2019/3/4,C02340,169.0,0.0,169.0,有效发票
391767,E394,96053239,2019/3/4,C02340,169.0,0.0,169.0,有效发票
391768,E394,86593735,2019/3/4,C14376,101.94,3.06,105.0,有效发票
391769,E394,19997838,2019/3/5,C12169,410.3,24.62,434.92,有效发票
391770,E394,9833180,2019/3/6,C06725,172.41,27.59,200.0,有效发票
391771,E394,26049430,2019/3/6,C20674,73.79,2.21,76.0,有效发票
391772,E394,7387977,2019/3/6,C20977,179.61,5.39,185.0,有效发票
391773,E394,32143290,2019/3/7,C02374,249.99,40.01,290.0,有效发票
391774,E394,93553978,2019/3/7,C14175,33.02,1.98,35.0,有效发票
391775,E394,85921122,2019/3/8,C05705,172.4,27.6,200.0,有效发票
391776,E394,7222894,2019/3/8,C17002,251.72,40.28,292.0,有效发票
391777,E394,60626327,2019/3/9,C17406,155.34,4.66,160.0,有效发票
391778,E394,7387985,2019/3/9,C20977,98.06,2.94,101.0,有效发票
391779,E394,85198513,2019/3/9,C22567,299.03,8.97,308.0,有效发票
391780,E394,22143836,2019/3/10,C20966,120.39,3.61,124.0,有效发票
391781,E394,26049423,2019/3/11,C20674,73.79,2.21,76.0,有效发票
391782,E394,81158806,2019/3/12,C08135,21.7,1.3,23.0,有效发票
391783,E394,81158809,2019/3/12,C08135,16.98,1.02,18.0,有效发票
391784,E394,45396599,2019/3/12,C23259,381.55,11.45,393.0,有效发票
391785,E394,45396600,2019/3/12,C23259,381.55,11.45,393.0,有效发票
391786,E394,38952693,2019/3/20,C07301,188.68,11.32,200.0,有效发票
391787,E394,87931847,2019/3/20,C11143,162.75,26.05,188.8,有效发票
391788,E394,81081381,2019/3/22,C08135,10.38,0.62,11.0,有效发票
391789,E394,1637865,2019/3/24,C06725,175.0,28.0,203.0,有效发票
391790,E394,26051205,2019/3/24,C20674,114.0,3.42,117.42,有效发票
391791,E394,10763320,2019/3/24,C20977,284.47,8.53,293.0,有效发票
391792,E394,32614333,2019/3/25,C02374,176.73,28.27,205.0,有效发票
391793,E394,22620750,2019/3/25,C09632,123.3,3.7,127.0,有效发票
391794,E394,43021395,2019/3/26,C14439,2530.88,316.62,2847.5,有效发票
391795,E394,35680001,2019/3/27,C02374,172.41,27.59,200.0,有效发票
391796,E394,7316836,2019/3/27,C20289,56.31,1.69,58.0,有效发票
391797,E394,7289674,2019/3/28,C02887,241.38,38.62,280.0,有效发票
391798,E394,60082190,2019/3/28,C11321,388.35,11.65,400.0,有效发票
391799,E394,85958781,2019/4/1,C17386,201.94,6.06,208.0,有效发票
391800,E394,24829075,2019/4/2,C05583,99.9,12.99,112.89,有效发票
391801,E394,22410014,2019/4/2,C12006,353.09,45.91,399.0,有效发票
391802,E394,42680792,2019/4/2,C12169,410.3,24.62,434.92,有效发票
391803,E394,42680796,2019/4/2,C12169,410.3,24.62,434.92,有效发票
391804,E394,42680817,2019/4/2,C12169,380.5,19.5,400.0,有效发票
391805,E394,37758143,2019/4/3,C14953,551.46,16.54,568.0,有效发票
391806,E394,15984792,2019/4/6,C11143,176.99,23.01,200.0,有效发票
391807,E394,46926183,2019/4/7,C06723,207.96,27.04,235.0,有效发票
391808,E394,26054222,2019/4/7,C20674,73.79,2.21,76.0,有效发票
391809,E394,37314007,2019/4/9,C02374,194.69,25.31,220.0,有效发票
391810,E394,7311221,2019/4/9,C20304,326.21,9.79,336.0,有效发票
391811,E394,81230282,2019/4/10,C08135,10.38,0.62,11.0,有效发票
391812,E394,10791284,2019/4/11,C20977,393.2,11.8,405.0,作废发票
391813,E394,10791285,2019/4/11,C20977,393.2,11.8,405.0,有效发票
391814,E394,25169685,2019/4/20,C05583,360.18,46.82,407.0,有效发票
391815,E394,5179158,2019/4/21,C16043,757.28,22.72,780.0,有效发票
391816,E394,85110995,2019/4/21,C22547,121.36,3.64,125.0,有效发票
391817,E394,5012265,2019/4/25,C08409,28200.0,0.0,28200.0,有效发票
391818,E394,34649934,2019/4/26,C02374,265.48,34.52,300.0,有效发票
391819,E394,89634097,2019/4/26,C05866,287.61,37.39,325.0,有效发票
391820,E394,17861054,2019/4/26,C07527,71.7,4.3,76.0,有效发票
391821,E394,40186312,2019/4/27,C06996,184.76,19.54,204.3,有效发票
391822,E394,10807299,2019/4/29,C20977,230.09,29.91,260.0,有效发票
391823,E394,51599824,2019/4/29,C20977,163.11,4.89,168.0,有效发票
391824,E394,45627451,2019/5/1,C02374,230.97,30.03,261.0,有效发票
391825,E394,56396897,2019/5/1,C03665,464.08,13.92,478.0,有效发票
391826,E394,37846899,2019/5/2,C03663,500.97,15.03,516.0,有效发票
391827,E394,57103360,2019/5/3,C02235,109.43,6.57,116.0,有效发票
391828,E394,56414704,2019/5/5,C03663,375.73,11.27,387.0,有效发票
391829,E394,42680922,2019/5/5,C12169,410.3,24.62,434.92,有效发票
391830,E394,42680944,2019/5/5,C12169,380.5,19.5,400.0,有效发票
391831,E394,28671066,2019/5/6,C08135,13.21,0.79,14.0,有效发票
391832,E394,28671088,2019/5/6,C08135,42.45,2.55,45.0,有效发票
391833,E394,13212943,2019/5/7,C12006,32.65,4.25,36.9,有效发票
391834,E394,95059482,2019/5/8,C12006,52.21,6.79,59.0,有效发票
391835,E394,45006195,2019/5/12,C02374,236.11,30.69,266.8,有效发票
391836,E394,93190391,2019/5/13,C14350,490.29,14.71,505.0,有效发票
391837,E394,54223934,2019/5/14,C09858,223.3,6.7,230.0,有效发票
391838,E394,41511353,2019/5/14,C11143,239.82,31.18,271.0,有效发票
391839,E394,41518191,2019/5/15,C11143,45.13,5.87,51.0,有效发票
391840,E394,52903378,2019/5/15,C11179,148.23,19.27,167.5,有效发票
391841,E394,86036725,2019/5/17,C17406,270.87,8.13,279.0,有效发票
391842,E394,17698181,2019/5/20,C11744,256.6,15.4,272.0,有效发票
391843,E394,96623072,2019/5/20,C13284,1139.81,34.19,1174.0,有效发票
391844,E394,93190434,2019/5/22,C14350,533.98,16.02,550.0,有效发票
391845,E394,46424244,2019/5/24,C02374,176.99,23.01,200.0,有效发票
391846,E394,28700495,2019/5/24,C08135,50.0,3.0,53.0,有效发票
391847,E394,49267024,2019/5/24,C18621,11.43,0.57,12.0,有效发票
391848,E394,99146469,2019/5/26,C12006,41.53,5.4,46.93,有效发票
391849,E394,28104143,2019/5/27,C08135,10.38,0.62,11.0,有效发票
391850,E394,48666028,2019/6/2,C10243,506.8,15.2,522.0,有效发票
391851,E394,50995945,2019/6/3,C12006,123.01,15.99,139.0,有效发票
391852,E394,51955553,2019/6/3,C12006,348.25,43.75,392.0,有效发票
391853,E394,42681128,2019/6/3,C12169,410.3,24.62,434.92,有效发票
391854,E394,42681154,2019/6/3,C12169,380.5,19.5,400.0,有效发票
391855,E394,94168499,2019/6/4,C11894,238.83,7.17,246.0,有效发票
391856,E394,92157964,2019/6/5,C22547,143.69,4.31,148.0,有效发票
391857,E394,93190479,2019/6/6,C14350,201.94,6.06,208.0,有效发票
391858,E394,3248013,2019/6/6,C17406,374.76,11.24,386.0,有效发票
391859,E394,28285764,2019/6/14,C08135,32.08,1.92,34.0,有效发票
391860,E394,56492651,2019/6/18,C12006,63.55,8.27,71.82,有效发票
391861,E394,55731839,2019/6/19,C12006,103.88,13.51,117.39,有效发票
391862,E394,57600820,2019/6/21,C12006,100.46,13.06,113.52,有效发票
391863,E394,97332802,2019/6/26,C02340,169.0,0.0,169.0,有效发票
391864,E394,97332803,2019/6/26,C02340,169.0,0.0,169.0,有效发票
391865,E394,49680888,2019/6/26,C02340,169.0,0.0,169.0,有效发票
391866,E394,85981648,2019/6/26,C17386,215.53,6.47,222.0,有效发票
391867,E394,43194429,2019/7/3,C11986,9.52,0.48,10.0,有效发票
391868,E394,51952414,2019/7/5,C06723,176.99,23.01,200.0,有效发票
391869,E394,55324646,2019/7/8,C12169,410.3,24.62,434.92,有效发票
391870,E394,55324688,2019/7/8,C12169,380.5,19.5,400.0,有效发票
391871,E394,28927990,2019/7/15,C08135,21.7,1.3,23.0,有效发票
391872,E394,7296638,2019/7/15,C12475,458.25,13.75,472.0,有效发票
391873,E394,27785761,2019/7/16,C08135,119.81,7.19,127.0,有效发票
391874,E394,28948189,2019/7/19,C08135,45.28,2.72,48.0,有效发票
391875,E394,27800637,2019/7/19,C08135,21.7,1.3,23.0,有效发票
391876,E394,27800721,2019/7/19,C08135,17.92,1.08,19.0,有效发票
391877,E394,27800727,2019/7/19,C08135,21.7,1.3,23.0,有效发票
391878,E394,7664198,2019/7/19,C13349,310.68,9.32,320.0,有效发票
391879,E394,57401002,2019/7/22,C17386,291.26,8.74,300.0,有效发票
391880,E394,47614172,2019/7/24,C02374,176.99,23.01,200.0,有效发票
391881,E394,27829013,2019/7/26,C08135,19.81,1.19,21.0,有效发票
391882,E394,45907072,2019/7/29,C02374,176.99,23.01,200.0,有效发票
391883,E394,5420423,2019/7/31,C13349,256.64,33.36,290.0,有效发票
391884,E394,25932126,2019/7/31,C14013,161.79,9.71,171.5,有效发票
391885,E394,41286869,2019/8/1,C11143,269.91,35.09,305.0,有效发票
391886,E394,55324756,2019/8/1,C12169,380.5,19.5,400.0,有效发票
391887,E394,55324781,2019/8/1,C12169,410.3,24.62,434.92,有效发票
391888,E394,57401006,2019/8/2,C17386,630.49,18.91,649.4,有效发票
391889,E394,1417976,2019/8/5,C22547,67.96,2.04,70.0,有效发票
391890,E394,3702678,2019/8/10,C12822,3838.68,230.32,4069.0,有效发票
391891,E394,3901469,2019/8/11,C05266,260.19,7.81,268.0,有效发票
391892,E394,66659187,2019/8/13,C07293,263.71,34.29,298.0,有效发票
391893,E394,47641032,2019/8/14,C02374,115.04,14.96,130.0,有效发票
391894,E394,27765804,2019/8/16,C08135,10.38,0.62,11.0,有效发票
391895,E394,29142518,2019/8/16,C08135,10.38,0.62,11.0,有效发票
391896,E394,27766139,2019/8/16,C08135,21.7,1.3,23.0,有效发票
391897,E394,41657955,2019/8/16,C11143,235.22,30.58,265.8,有效发票
391898,E394,41657962,2019/8/16,C11143,176.99,23.01,200.0,有效发票
391899,E394,29997022,2019/8/18,C13425,265.49,34.51,300.0,有效发票
391900,E394,39436560,2019/8/23,C08674,50.49,1.51,52.0,有效发票
391901,E394,66659430,2019/8/24,C07293,272.56,35.44,308.0,有效发票
391902,E394,63571049,2019/9/1,C03665,749.51,22.49,772.0,有效发票
391903,E394,15927973,2019/9/3,C12169,410.3,24.62,434.92,有效发票
391904,E394,15927993,2019/9/3,C12169,380.5,19.5,400.0,有效发票
391905,E394,30064716,2019/9/5,C02374,296.45,38.55,335.0,有效发票
391906,E394,31404983,2019/9/6,C02340,169.0,0.0,169.0,有效发票
391907,E394,31046483,2019/9/6,C02340,169.0,0.0,169.0,有效发票
391908,E394,30657906,2019/9/6,C02340,169.0,0.0,169.0,有效发票
391909,E394,32566309,2019/9/6,C11143,176.99,23.01,200.0,有效发票
391910,E394,5807335,2019/9/12,C22547,485.44,14.56,500.0,有效发票
391911,E394,51103610,2019/9/19,C02374,176.99,23.01,200.0,有效发票
391912,E394,71966863,2019/9/20,C17386,616.5,18.5,635.0,有效发票
391913,E394,37651929,2019/9/24,C02374,300.88,39.12,340.0,有效发票
391914,E394,15928121,2019/9/28,C12169,380.5,19.5,400.0,有效发票
391915,E394,15928135,2019/9/28,C12169,410.3,24.62,434.92,有效发票
391916,E394,66660459,2019/10/16,C07293,88.49,11.51,100.0,有效发票
391917,E394,58513944,2019/10/16,C08135,10.38,0.62,11.0,有效发票
391918,E394,45725150,2019/11/2,C12006,164.16,21.34,185.5,有效发票
391919,E394,3523027,2019/11/7,C23259,588.35,17.65,606.0,有效发票
391920,E394,30118506,2019/11/14,C08135,35.85,2.15,38.0,有效发票
391921,E394,65888278,2019/11/15,C12006,69.9,9.09,78.99,有效发票
391922,E394,24660121,2019/11/15,C12169,426.42,25.59,452.01,有效发票
391923,E394,24660122,2019/11/15,C12169,380.95,19.05,400.0,有效发票
391924,E394,8378591,2019/11/18,C17386,428.16,12.84,441.0,有效发票
391925,E394,14956198,2019/12/2,C16043,339.81,10.19,350.0,有效发票
391926,E394,66792981,2019/12/3,C08135,33.02,1.98,35.0,有效发票
391927,E394,16730530,2019/12/6,C02304,943.4,56.6,1000.0,有效发票
391928,E394,16730531,2019/12/6,C02304,2058.72,123.52,2182.24,有效发票
391929,E394,75632736,2019/12/9,C23144,1941.75,58.25,2000.0,有效发票
391930,E394,36157974,2019/12/12,C02374,272.56,35.44,308.0,有效发票
391931,E394,9342363,2019/12/12,C12006,1123.01,145.99,1269.0,有效发票
391932,E394,66264243,2019/12/14,C12006,69.9,9.09,78.99,有效发票
391933,E394,24660180,2019/12/20,C12169,380.95,19.05,400.0,有效发票
391934,E394,30308016,2019/12/27,C08135,85.85,5.15,91.0,有效发票
391935,E394,46746965,2019/12/27,C12006,31.86,4.14,36.0,有效发票
391936,E394,26668374,2019/12/27,C12006,22.12,2.88,25.0,有效发票
391937,E394,25638691,2019/12/28,C12006,35.31,4.59,39.9,有效发票
391938,E394,3710066,2019/12/31,C11855,88.5,11.5,100.0,有效发票
391939,E394,16920151,2020/1/4,C11143,84.99,11.01,96.0,有效发票
391940,E394,54434638,2020/1/6,C12166,410.3,24.62,434.92,有效发票
391941,E394,25787009,2020/1/10,C02340,169.0,0.0,169.0,有效发票
391942,E394,25509028,2020/1/10,C02340,169.0,0.0,169.0,有效发票
391943,E394,87013746,2020/1/10,C02340,169.0,0.0,169.0,有效发票
391944,E394,86115766,2020/1/10,C02340,169.0,0.0,169.0,有效发票
391945,E394,54434648,2020/1/13,C12166,380.95,19.05,400.0,有效发票
391946,E394,54434649,2020/1/13,C12166,410.38,24.62,435.0,有效发票
391947,E394,32605692,2020/1/24,C02374,271.51,35.3,306.81,有效发票
