,企业代号,企业名称,购方合作密切指数,销方合作密切指数,进项金额,销项金额,进项价税合计,销项价税合计,进项税额,销项税额,作废进项发票数,作废销项发票数,月交易频率,作废发票/有效发票,企业资金链稳定程度,有效进项发票数,有效销项发票数,企业种类,信誉等级-回归,企业信赖指数,loan
0,E124,个体经营E124 ,0.177065317,1,922278529.7,885808734,992181263,965061608.5,69902733.27,79252874.41,2147,194,654.52,0.1431,0.479301227,15264,1099,16,3.046152431,0.8,0
1,E125,个体经营E125 ,0.142321897,0.752348673,1095904191,1097851722,1177813229,1195105005,81909037.87,97253283.75,2512,215,532.1111,0.1424,1,17776,1380,16,3.002152431,1.2,0
2,E126,个体经营E126 ,0.093234544,0.061936153,117327184,628834350.7,134006340.6,650309040.1,16679156.64,21474689.41,18,252,49.4167,0.1518,0.278798573,515,1264,16,3.022452936,0.86860823,0
3,E127,个体经营E127 ,0.500634724,0.174726368,1732644.55,696829699.3,1854772.94,717746672.6,122128.39,20916973.24,26,122,148,0.0278,0.322943979,1424,3904,16,3.014164431,0.868209709,868770.1312
4,E128,个体经营E128 ,0.7374298,0.315466418,10302249.18,255682870.5,10788039.88,264642363.1,485790.7,8959492.66,88,94,119.3056,0.0424,0.046051088,3134,1161,16,3.097512444,0.866927611,1000000
5,E129,个体经营E129 ,0.105216237,0.1586733,93519019.57,368188407.6,104813014.8,424383814,11293995.26,56195406.35,398,636,308.5833,0.0931,0.07318888,5928,5181,16,3.156512723,0.867568728,0
6,E130,个体经营E130 ,1,0.203793532,80095869.55,115228113.7,85539937,125731902.1,5444067.45,10503788.41,128,61,138.875,0.0425,0.045776533,3123,1321,16,2.787583221,0.871386294,0
7,E131,个体经营E131 ,0.044734669,0.279021559,123045721.4,229133690,138371076.4,264977386.6,15325354.94,35843696.69,550,239,267.3333,0.082,0.03443698,6527,3097,16,2.973524906,0.868413694,0
8,E132,个体经营E132 ,0.099444155,0.40306592,68486384.66,223393967,75039020.2,243054304.6,6552635.54,19660337.54,109,139,197.3235,0.037,0.03203558,5050,1659,16,3.099380299,0.86740391,0
9,E133,个体经营E133 ,0.111949649,0.094398839,41329044.92,140158995.8,43053579.11,144363765.6,1724534.19,4204769.86,46,30,49.6857,0.0437,0.020899716,1599,140,16,2.993964423,0.867121591,0
10,E134,***工程咨询有限公司,0.067342336,0.07172471,4072204.37,131814961.9,4444929.39,139723861.9,372725.02,7908899.94,31,235,121.5946,0.0591,0.011851756,1664,2835,15,3.01071319,0.866859345,1000000
11,E135,***建设工程有限公司,0.031039838,0.954742952,25578736.53,156807166.5,27480128.37,165998415.9,1901391.84,9191249.34,44,46,86.8649,0.028,0.011433323,2847,367,3,2.627243533,0.866720214,0
12,E136,***机械有限责任公司,0.750635751,0.934968905,114717809,123727767.2,132336469.8,142812812.1,17618660.87,19085044.9,2,71,88.6207,0.0284,0.009913208,1286,1284,2,2.778526278,0.870561417,0
13,E137,***建设工程有限公司,0.035604097,0.160526534,115811435.5,158948125.4,121612438.2,170522212.8,5801002.71,11574087.34,140,23,91.1351,0.0483,0.018580948,3141,231,3,2.168253247,0.868866056,0
14,E138,个体经营E138 ,0.07326437,0.099939884,21110979.59,111172136.3,24247640.51,128023359.2,3136660.92,16851222.9,8,53,54.1944,0.0313,0.007802818,512,1439,16,2.825436937,0.866557193,0
15,E139,个体经营E139 ,0.580517474,0.060783582,1671410.17,204891564.1,1777642.71,215741759.9,106232.54,10850195.81,15,613,351.8333,0.0496,0.009566528,457,12209,16,3.153478841,0.866915528,894868.7102
16,E140,***建筑工程有限公司,0.092879181,0.184011194,7466027.72,225183702.4,7999749.34,232307631.5,533721.62,7123929.1,51,119,74.2973,0.0618,0.029721391,2023,726,3,2.846039461,0.866768151,1000000
17,E141,***食品有限公司,0.113564189,0.049842454,40889943.78,167955634.3,42950106.37,170643916.9,2060162.59,2688282.61,56,282,161.5278,0.0581,0.011364632,1357,4458,2,3.388136905,0.86702101,0
18,E142,***运业有限公司,0.281081947,0.039508706,51125368.97,103655285.4,58091460.57,113757315.7,6966091.6,10102030.24,23,110,55.9459,0.0643,0.003851664,704,1366,6,2.842161894,0.866575379,0
19,E143,***电子科技有限公司,0.292741144,0.222833748,34506824.31,94909686.68,38267350.73,108031148.4,3760526.42,13121461.67,135,51,123.1053,0.0398,0.011044089,3579,1099,12,3.483484682,0.867549896,0
20,E144,***劳务有限公司,0.249004778,0.16846393,8869539.75,114203593.8,9572537.14,119989011.4,702997.39,5785417.62,44,115,122.6333,0.0432,0.01206536,2434,1245,16,3.132995975,0.866794472,1000000
21,E145,***工贸有限公司,0.251658704,0.082649254,115379101,131309929.6,131756611.7,149797024.3,16377510.71,18487094.71,72,427,182.7027,0.0738,0.009875061,2916,3844,15,2.085784993,0.873580431,0
22,E146,***基础建设工程有限公司,0.192810162,0.297790216,133970889.5,149589463.4,149726605,163246884.8,15755715.45,13657421.37,80,196,123.9459,0.0602,0.013338716,3170,1416,3,2.168445804,0.875326897,0
23,E147,***装饰工程有限责任公司,0.15314712,0.260252902,156710030.7,191687169.7,166213775.3,204141750,9503744.52,12454580.28,388,57,213.973,0.0562,0.021407684,5603,2314,3,2.124121073,0.871748555,0
24,E148,***商贸有限公司,0.016071451,0.060207297,30881079.54,84582580.79,32334860.69,88811723.29,1453781.15,4229142.5,35,11,21.6944,0.0589,0.014416077,511,270,15,2.909975302,0.867378817,0
25,E149,***建筑劳务有限公司,0.392179136,0.019900498,575370.73,108156680,646398.03,114646927.5,71027.3,6490247.51,8,79,42.1176,0.0608,0.02200623,285,1147,3,2.149993423,0.866842112,164492.7392
26,E150,***建设工程有限公司,0.025904533,0.148760365,85861470.5,125749897.2,91184363.57,135593170.2,5322893.07,9843272.94,111,54,99.4054,0.0449,0.015314947,3268,410,3,2.149689394,0.868910719,0
27,E151,***路桥工程有限公司,0.039028318,0.16835199,11591777.9,108301814.9,13363548.78,115197757.1,1771770.88,6895942.17,20,8,29.7097,0.0304,0.006721166,781,140,3,2.034236458,0.866340578,1000000
28,E152,***运贸有限责任公司,0.612516587,0.16949005,6535665.04,121868548.5,6855625.11,128979021.7,319960.07,7110473.2,21,37,64.2973,0.0244,0.005307548,891,1488,6,2.760685993,0.866182156,1000000
29,E153,个体经营E153 ,0.126671542,0.012991294,87916.36,303774351.3,93077,321041166.3,5160.64,17266815.01,0,75,10.6364,0.2137,0.144840789,71,280,16,2.734076174,0.867946412,0
30,E154,***汽车销售服务有限公司,0.328659521,0.301133914,124867586.7,77819943.65,143705471.2,89615500.47,18837884.49,11795556.82,39,107,149.1,0.0326,0.007096418,2657,1816,15,2.77499986,0.864391829,0
31,E155,个体经营E155 ,0.119549901,0.061359867,76897608.05,81123588.06,88723231.36,93419477.17,11825623.31,12295889.11,19,38,57.72,0.0395,0.0048132,398,1045,16,2.120526751,0.873142395,0
32,E156,个体经营E156 ,0.042049932,0.052939469,2368742.03,181704624.8,2474566.62,188319810.3,105824.59,6615185.48,19,60,27.1111,0.0809,0.034028521,592,384,16,3.134939366,0.866897235,1000000
33,E157,***环境设备工程有限公司,0.235377732,0.078727197,53234392.13,73879241.95,58891818.91,79721099.05,5657426.78,5841857.1,81,81,64.5946,0.0678,0.005582632,1472,918,2,3.222053044,0.868415079,0
34,E158,***装饰工程有限公司,0.18648552,0.104825871,68765243.03,88255541.5,71364313.06,94602114.71,2599070.03,6346573.21,75,127,63.1613,0.1032,0.017882852,1099,859,3,2.03021695,0.870092664,0
35,E159,个体经营E159 ,0.00733527,0.147622305,71409409.23,107081029.7,75562967.54,116306571.5,4153558.31,9225541.75,212,20,134.4286,0.0493,0.009883846,4472,233,16,2.875394522,0.868852158,0
36,E160,***钢结构工程有限公司,0.849574591,0.238963516,156283767.3,268632343.4,176703273,300889859.9,20419505.67,32257516.5,139,563,190.7838,0.0994,0.052138056,4245,2814,2,3.167368964,0.868535779,0
37,E161,***建筑劳务有限责任公司,0.033426727,0.010754561,1006152.97,185418128.1,1093306.56,192970317.4,87153.59,7552189.26,2,51,13.0811,0.1095,0.02784396,246,238,3,2.6853055,0.866691725,421483.5004
38,E162,***网络信息安全有限公司,0.049298928,0.388126036,154638016.4,151881014.1,165921131.3,167532595.5,11283114.93,15651581.43,543,40,270.8158,0.0567,0.05478905,9820,471,11,3.275431868,1.2,0
39,E163,***物流有限公司,0.3551351,0.299206053,79306843.23,162018118.7,88027279.41,177865636.4,8720436.18,15847517.65,57,164,92.2105,0.0631,0.0125427,2576,928,6,3.04311895,0.867039691,0
40,E164,个体经营E164 ,0.098369849,0.302054312,75124528.15,137340694.1,80537739.53,149947993.1,5413211.38,12607298.94,95,208,154.2222,0.0546,0.012879787,4099,1453,16,3.0240275,0.868002955,0
41,E165,***文化传媒股份有限公司,0.110090669,0.163327114,93996031,127033859.5,100636968.7,136461808.4,6640937.75,9427948.88,178,260,175.4865,0.0675,0.005593654,4147,2346,16,2.892177489,0.869320694,0
42,E166,***建筑工程有限公司,0.721680847,0.011322554,3061344.28,88254916.24,3328444.28,92661081.39,267100,4406165.15,3,175,46.0294,0.1137,0.015644167,168,1397,3,1.974737152,0.866599416,741647.0891
43,E167,***体育文化股份有限公司,0.134516234,0.259693201,144146037.2,128993405.4,164428352.9,148607794.5,20282315.73,19614389.09,227,337,316.5676,0.0482,0.008830758,7071,4642,16,2.165421717,0.851892327,0
44,E168,***建材有限公司,0.152358337,0.817050166,1361564.03,92960580.67,1481109.26,95854714.09,119545.23,2894133.42,0,16,28.6667,0.0186,0.003657752,461,399,3,2.70245614,0.866189648,575880.7529
45,E169,***建筑设计有限公司,0.080110758,0.41600539,82064674.98,121324097.4,86500387.51,128958531.4,4435712.53,7634434.03,225,80,195.1622,0.0422,0.013126771,5811,1410,3,2.128393828,0.870009676,0
46,E170,***建筑劳务有限公司,0.166079872,0.058310531,37180265.05,72664928.68,39422138.9,78853683.27,2241873.85,6188754.59,83,10,59.7941,0.0457,0.002699469,1247,786,3,2.117340188,0.866831056,0
47,E171,***质量检验测试站,0.228340311,0.068996683,46519647,114993909.9,48116353.19,121893568.9,1596706.19,6899658.97,100,495,232.5263,0.0673,0.005184613,1823,7013,2,3.126961996,0.867951357,0
48,E172,***物流有限公司,0.151727722,0.047914594,41694217.52,80106407.84,46984839.33,87466567.61,5290621.81,7360159.77,7,102,44.1892,0.0667,0.005456796,464,1171,6,2.9816559,0.867025154,0
49,E173,***贸易有限责任公司,0.088992782,0.17901534,109307677.5,113654162.9,126423562.1,131633151.1,17115884.55,17978988.23,36,131,99.5676,0.0453,0.004356078,1314,2370,15,2.160832612,0.879837606,0
50,E174,***工程技术有限公司,0.079488359,0.309506633,81902319.65,98781528.68,93776582.35,114009013.6,11874262.7,15227484.9,80,101,101.9706,0.0522,0.003970847,2319,1148,2,3.117197372,0.869299117,0
51,E175,***食品集团有限公司,0.09380559,0.379396766,86651291.8,80178532.2,98508078.32,92275089.24,11856786.52,12096557.04,162,314,202.6579,0.0618,0.012593129,3930,3771,2,2.799047813,0.836700222,0
52,E176,***科技有限公司,0.255251363,0.196102819,4444590.09,94930927.96,4955607.54,109512864.8,511017.45,14581936.88,66,232,134.1579,0.0585,0.003679852,3163,1935,2,3.270274351,0.866732763,1000000
53,E177,***电力工程有限公司,0.103811218,0.143157131,73382742.25,117027321.3,82214792.75,125946887.6,8832050.5,8919566.26,91,135,105.2973,0.058,0.016496582,3061,835,2,3.147253441,0.869068142,0
54,E178,***贸易有限公司,0.030146295,0.05041874,82249313.65,85403234.39,94324491.04,98209284,12075177.39,12806049.61,7,97,36.5405,0.0769,0.008496435,333,1019,15,2.052595516,0.881892211,0
55,E179,***园林有限公司,0.05135305,0.144278607,42924992.91,65892517.72,44491493.63,71125607.37,1566500.72,5233089.65,125,87,73.4595,0.078,0.004365215,2000,718,3,2.116385503,0.868226124,0
56,E180,***电气有限公司,0.035244625,0.193919983,63916500.11,77909795.31,72772367.54,89889800.08,8855867.43,11980004.77,129,87,146.5263,0.0388,0.002857593,3545,2023,2,2.964201894,0.87163399,0
57,E181,***食品有限公司,0.380456262,0.1252301,89398801.39,81241256.3,101114145.9,92523846.25,11715345.38,11282589.95,74,96,120.2432,0.0382,0.004178349,2974,1475,2,2.869457208,0.857808509,0
58,E182,***新材料科技有限公司,0.069562842,0.082089552,74885411.6,79773755.94,86374145.59,92273953.36,11488733.99,12500197.42,26,29,54.6216,0.0272,0.003106302,972,1049,2,2.58284643,0.87315241,0
59,E183,***建设工程有限公司,0.468728047,0.082089552,27232601.11,70112062.68,28933856.78,75037363.03,1701255.67,4925300.35,53,101,63.1081,0.066,0.003618611,1408,927,3,2.156281274,0.866549283,0
60,E184,***建筑装饰工程有限公司,0.149266884,0.115128524,40141751.25,54253696.98,43944870.95,58784579.44,3803119.7,4530882.46,57,18,74.4571,0.0288,0.003185341,1967,639,3,2.052386391,0.869124801,0
61,E185,***生态魔芋有限公司,0.214312711,0.018016169,710345.39,99018955.38,794404.14,104242424.8,84058.75,5223469.38,1,37,166.9394,0.0069,0.021942309,67,5442,16,2.887697912,0.867597466,333607.2186
62,E186,***建筑劳务有限公司,0.5320176,0.068269071,3352178.1,85401572.41,3577124.45,87907320.6,224946.35,2505748.19,48,25,57.5429,0.0362,0.009328264,941,1073,3,2.050508381,0.866499714,875146.2846
63,E187,个体经营E187 ,0.01027061,0,78664400.22,79716010.74,84343888.69,86420691.28,5679488.47,6704680.54,186,160,148.4,0.0933,0.010329632,3694,16,16,2.709940976,0.908685938,0
64,E188,***硬质合金有限公司,0.066231056,0.098897181,82017361.85,83851435.16,94552225.46,95281433.79,12534863.61,11429998.63,77,85,123.1622,0.0355,0.001937945,2484,2073,2,2.708913862,0.936175728,0
65,E189,***石油工程技术服务有限公司,0.115417007,0.180696517,34736944.38,52551885.77,38674288.51,56613206.24,3937344.13,4061320.47,65,35,106.5676,0.0254,0.002264578,3337,606,2,2.980333804,0.869585236,0
66,E190,***劳务有限公司,0.075881321,0.009179104,1575311.56,139049351.4,1731924.07,142858212.8,156612.51,3808861.38,6,57,12.9444,0.1352,0.017397024,122,344,16,2.91088481,0.866558109,748135.9543
67,E191,***商贸有限责任公司,0.803303439,0.182375622,262069025.2,266725038.3,305415143.3,310837476.7,43346118.15,44112438.39,33,140,105.6216,0.0443,0.186092268,1177,2731,15,2.987033021,0.872055493,0
68,E192,***建设工程有限公司,0.04245254,0.018913765,19350441.28,48982182.54,21081934.2,52143923.41,1731492.92,3161740.87,13,18,6.1481,0.1867,0.002124666,98,68,3,1.92583375,0.866209877,1000000
69,E193,个体经营E193 ,0.493217289,0.043509536,18247609.75,131228561.2,20873034.91,152114610.2,2625425.16,20886048.96,77,2234,878.2222,0.0731,0.006757149,1539,30077,16,2.993885628,0.869635967,0
70,E194,***文化传播有限公司,0.809636297,0.247927032,11580654.43,96527741.4,12679006.83,96597689.7,1098352.4,69948.3,92,688,465,0.0493,0.004525299,4757,11053,16,3.052294053,0.86856637,1000000
71,E195,***医药有限公司,0.18725787,0.075366915,79591315.72,114988186.9,91606199.94,133288571.5,12014884.22,18300384.65,69,231,186.2973,0.0435,0.005151704,2267,4626,17,3.218635248,0.868829386,0
72,E196,***地质制图印刷厂,0.115246515,0.096272803,43110621.53,79486461.52,49756082.23,91336051.16,6645460.7,11849589.64,50,207,107.6579,0.0628,0.003691551,1336,2755,16,2.89730797,0.867745293,0
73,E197,***医疗设备有限公司,0.203358079,0.271094527,105724751.8,193302373.3,121139847.3,222334279.2,15415095.41,29031905.82,160,269,305.8529,0.0413,0.041267679,6349,4050,17,3.533815684,0.869291997,0
74,E198,***商贸有限公司,0.14671361,0.046233416,60048399.99,64670385.05,68817011.42,74254082.66,8768611.43,9583697.61,38,81,49.6486,0.0648,0.00752177,1109,728,15,2.692045732,0.876541164,0
75,E199,***建筑劳务有限公司,0.495043404,0.011838723,195622.39,60740237.61,207318.84,63373807.71,11696.45,2633570.1,1,12,37.1739,0.0152,0.02087592,47,808,3,2.617690142,0.86690294,0
76,E200,个体经营E200 ,0.069236236,0.11433665,49260322.06,51539738.26,56717554.86,59431806.45,7457232.8,7892068.19,37,49,49.0278,0.0487,0.00218924,1201,564,16,2.136094517,0.878329704,0
77,E201,***物流有限责任公司,0.070117455,0.027385987,41045173.59,54816986.06,45868205.87,60059367.22,4823032.28,5242381.16,17,123,41.8108,0.0905,0.005228951,463,1084,6,2.676971612,0.869172327,0
78,E202,个体经营E202 ,0.671311721,0.024778192,11862917.5,100189263.2,13046254.83,107795222.8,1183337.33,7605959.61,40,10,40.5556,0.0342,0.006103129,364,1096,16,2.905993547,0.866107752,1000000
79,E203,***建设工程有限公司,0.163483462,0.035752488,27132070.23,49131454.9,29094055.48,53382035.39,1961985.25,4250580.49,65,59,47.7778,0.0721,0.001909595,1142,578,3,2.138822011,0.867042219,0
80,E204,***科技发展有限公司,0.051796741,0.207027363,64686579.77,113747296,74009428.93,128264629.4,9322849.16,14517333.4,188,341,172.1081,0.0831,0.007696969,5029,1339,2,2.965845543,0.868398311,0
81,E205,个体经营E205 ,0.101223024,0.037560116,28399023.94,77308581.51,32627192.5,89562784.7,4228168.56,12254203.19,14,41,30.6667,0.0498,0.002671184,137,967,16,2.989070457,0.866369154,0
82,E206,***建设工程有限公司,0.201234117,0.24736733,79471138.81,101248381.9,84180655.88,108567675.6,4709517.07,7319293.67,122,50,120.8108,0.0385,0.013043917,3557,913,3,2.032430542,0.870991171,0
83,E207,个体经营E207 ,0.663608764,0.991521559,74116944.98,125998170.5,78899648.18,134829445.5,4782703.2,8831274.98,88,65,134.0286,0.0326,0.018007314,3298,1393,16,2.811767537,0.868186445,0
84,E208,个体经营E208 ,0.053113433,0.236985904,76513383.02,86141653.79,88566176.52,99796695.1,12052793.5,13655041.31,13,131,51.6667,0.0774,0.003437348,963,897,16,2.085246614,0.869766083,0
85,E209,***工程检测有限公司,0.036680457,0.859172886,47456584.45,76481246.4,49994617.07,81101521.49,2538032.62,4620275.09,232,252,252.7297,0.0518,0.003782331,8128,1223,3,2.210616744,0.871128527,0
86,E210,***建筑工程有限公司,0.568535781,0.086531924,6061446.81,57374441.38,6410930.29,59101178.81,349483.48,1726737.43,14,40,36.4333,0.0494,0.006128505,536,557,3,2.190723582,0.866248751,1000000
87,E211,个体经营E211 ,0.084675017,0.044332504,22086364.23,52545122.68,22785978.89,55697230.36,699614.66,3152107.68,15,166,52.0278,0.0966,0.002203719,403,1470,16,2.715550699,0.866996643,0
88,E212,***建电管理咨询有限公司,0.139571428,0.025619818,163391.77,87757513.77,173443.54,93022966.06,10051.77,5265452.29,5,184,42.8947,0.116,0.010555964,133,1497,14,2.862225455,0.866704595,0
89,E213,***科技有限公司,0.060680818,0.074245439,48069995.61,63599401.7,54216903.17,71994308.32,6146907.56,8394906.62,89,122,87.8649,0.0649,0.001261538,2103,1148,2,2.84928817,0.868893854,0
90,E214,***建筑工程有限公司,0.036253199,0.045812604,39017257.85,77915163.2,41048763.62,84470605.98,2031505.77,6555442.78,47,155,37.973,0.1438,0.006544751,692,713,3,1.972226634,0.867140321,0
91,E215,***建筑工程有限公司,0.320118482,0.025704809,219012.23,72680138.18,241742.21,75090153.46,22729.98,2410015.28,4,77,33.1429,0.0873,0.017819691,172,756,3,2.097926573,0.866849148,0
92,E216,***建设工程有限公司,0.135315287,0.344852819,36643205.16,66280345.17,39816337.18,72774101.3,3173132.02,6493756.13,105,89,108.7838,0.0482,0.004581942,3340,685,3,2.167935703,0.868306833,0
93,E217,个体经营E217 ,0.080932407,0,57133448.17,56054626.31,66068608.95,64872515.95,8935160.78,8817889.64,12,715,9.44,3.0805,0.002015359,202,34,16,1.827837413,0.863040003,0
94,E218,***建设工程有限公司,0.045069491,0.097636816,44249289.04,49421441.88,47249286.64,53594027.92,2999997.6,4172586.04,78,95,32.3056,0.1488,0.011035426,1026,137,3,1.99498002,0.876900428,0
95,E219,***品牌营销策划有限公司,0.048614906,0.514533582,38595183.03,43189106.97,43391511.6,48739473.99,4796328.57,5550367.02,156,132,133.0556,0.0601,0.001484255,4299,491,16,2.144163281,0.880261653,0
96,E220,***文化传播有限公司,0.299402661,0.227197347,59269632.83,84697140.63,62735915.33,89778971.22,3466282.5,5081830.59,230,64,187.5946,0.0424,0.004161093,5708,1233,16,2.898009461,0.870012647,0
97,E221,***测绘服务有限公司,0.041228283,0.397323798,35204892.69,48279754.26,35864695.03,51176540.71,659802.34,2896786.45,65,42,175.2069,0.0211,0.003468861,4429,652,16,2.01375111,0.871797426,0
98,E222,***数码科技有限公司,0.075669746,0.20590796,59109098.3,74360114.78,65028385.36,82186269.38,5919287.06,7826154.6,303,353,144.5405,0.1227,0.008371898,4325,1023,12,3.190370629,0.872899568,0
99,E223,***科技有限公司,0.237191522,0.184647595,41447457.09,35253500.91,46843355.01,39926668.93,5395897.92,4673168.02,119,52,156.9474,0.0573,0.004390187,2505,477,2,3.005135628,0.858510244,0
100,E224,***纸业有限公司,0.13784802,0.056878109,109426362.4,97216339.66,127000089.1,112960981.5,17573726.65,15744641.87,36,17,49.5405,0.0289,0.006614769,723,1110,2,2.945792345,0.862113417,0
101,E225,***物业服务有限责任公司***分公司,0.252007904,0.209740879,46285074.09,74690363.12,50907230.84,81329979.53,4622156.75,6639616.41,159,557,328.6316,0.0573,0.002497773,4173,8315,14,2.859022061,0.872077645,0
102,E226,***建设工程有限公司,0.215682811,0.042574627,48120632.77,47436184.62,54102736.22,52320968.33,5982103.45,4884783.71,25,38,42.7222,0.041,0.003688665,1022,516,3,2.094966617,0.848860965,0
103,E227,***安全技术有限公司,0.042140313,0.165584577,55173195.87,59055735.01,60289907.18,63841990.03,5116711.31,4786255.02,164,55,96.25,0.0632,0.00213889,2778,687,3,2.142195527,0.8826743,0
104,E228,***文化发展有限公司,0.045689836,0.082649254,31541319.54,72894641.7,34694993.84,77745920.05,3153674.3,4851278.35,78,183,98.8649,0.0714,0.001548381,2665,993,16,2.777880536,0.867361711,0
105,E229,***家贸易有限公司,0.308839298,0.097777778,58249046.95,60425665.06,66691166.46,70030093.58,8442119.51,9604428.52,51,89,63.3243,0.0598,0.000997893,1570,773,15,2.134973304,0.872887884,0
106,E230,***建筑劳务有限公司,0.058361714,0.02069859,120798.96,55180579.27,125835.73,56317526.22,5036.77,1136946.95,1,84,18.75,0.1259,0.005094729,83,592,3,1.981870102,0.866505535,0
107,E231,***建筑科技有限公司,0.13060724,0.048115672,37263787.7,36644093.79,39165390.09,39586992.76,1901602.39,2942898.97,14,38,29.1944,0.0495,0.005143464,681,370,3,2.141534632,0.946763134,0
108,E232,***投资发展有限责任公司,0.096087719,0.184647595,35751355.99,48642121.47,38124576.6,51560648.66,2373220.61,2918527.19,46,5,23.5526,0.057,0.019914637,782,113,15,2.839932401,0.874236229,0
109,E233,***劳务有限公司,0.436157888,0.085277778,411349.78,20482693.78,445232.75,21948303.54,33882.97,1465609.76,9,15,36.1923,0.0255,0.002031151,718,223,16,2.560181733,0.866164661,159438.8305
110,E234,***机电设备商贸有限公司,0.01919577,0.087808872,4628685.81,41628220.71,5091339.58,47744736.37,462653.77,6116515.66,27,24,51.6897,0.034,0.001801899,919,580,2,3.125402166,0.866627631,1000000
111,E235,个体经营E235 ,0.060742442,0.039915008,14484399.33,42437893.73,16683444.8,48923044.34,2199045.47,6485150.61,19,70,43.9143,0.0579,0.001313116,593,944,16,2.759369436,0.866763655,1000000
112,E236,个体经营E236 ,0.157345746,0.024189469,5127452.93,58727839.05,5474858.83,63054237.77,347405.9,4326398.72,7,149,20.4286,0.2182,0.004952812,197,518,16,2.447884033,0.866388577,1000000
113,E237,个体经营E237 ,0.163742282,0.220288143,18554833.98,23816220.67,20229330.72,26050173.76,1674496.74,2233953.09,37,74,78.5556,0.0523,0.001600988,1900,221,16,2.124391775,0.871391938,1000000
114,E238,个体经营E238 ,0.372252098,0.247927032,17320509.2,61021162.14,18540398.61,64682437.8,1219889.41,3661275.66,91,828,418.4444,0.061,0.001530967,3808,11256,16,2.978709707,0.870605001,0
115,E239,个体经营E239 ,0.045874707,0.05598466,29809545.46,29748471.6,33790164.28,34013323.63,3980618.82,4264852.03,12,42,24.9259,0.0802,0.002309946,367,306,16,2.07233103,0.937870915,0
116,E240,个体经营E240 ,0.114872665,0,31927992.42,100803017.2,33528584.97,103827107.6,1600592.55,3024090.49,37,104,44.2,0.1276,0.016608979,1085,20,16,2.852583167,0.866914049,0
117,E241,个体经营E241 ,0.256422212,0.027048093,6214223.24,41516679.66,7033559.46,48002034.2,819336.22,6485354.54,12,73,31.5556,0.0748,0.00067689,415,721,16,2.872725774,0.866107202,1000000
118,E242,个体经营E242 ,0.103587319,0,18989106.07,20514865.4,21461769.34,23424327.42,2472663.27,2909462.02,10,245,20.84,0.4894,0.000536334,503,18,16,1.817912809,0.868680084,1000000
119,E243,***科技有限公司,0.097630365,0.127945688,4675356.5,33316242.21,4984217.41,38502295.98,308860.91,5186053.77,16,34,39.9412,0.0368,0.000454138,681,677,2,3.084214923,0.866484655,1000000
120,E244,个体经营E244 ,0.173480874,0.230652985,15304252.34,42312419.37,17658201.12,47712722.91,2353948.78,5400303.54,46,93,43,0.0898,0.001622057,1105,443,16,2.706573649,0.866702776,1000000
121,E245,***建筑劳务有限公司,0.082912581,0.056523632,133044.08,28103247.33,148196.79,28946344.35,15152.71,843097.02,1,44,19.1,0.0785,0.001095314,264,309,3,2.084527278,0.866271217,0
122,E246,***物业服务有限公司,0.107313496,0.07473466,6926579.76,34439407.42,7537629.84,36522494.11,611050.08,2083086.69,70,80,55.3243,0.0733,0.000354728,1298,749,14,2.596199994,0.8668799,1000000
123,E247,***石化有限公司,0.123475328,0.062450249,12934533.74,23173305.38,14516811.52,26623283.67,1582277.78,3449978.29,28,26,32.8421,0.0433,0.000486821,915,333,2,2.930068654,0.867153878,1000000
124,E248,***智能科技有限公司,0.033893013,0.143718905,15028468.43,23892158.75,16397389.64,25611083.31,1368921.21,1718924.56,45,52,49.1622,0.0533,0.000372063,1466,353,12,3.129955164,0.868984731,0
125,E249,***建筑工程有限公司,0.864411515,0.086235489,38042664.28,52006999.17,39475353.35,53819131.21,1432689.07,1812132.04,99,2,31.1429,0.0927,0.006705294,620,470,3,2.050014763,0.866225097,0
126,E250,***塑料厂,0.038488084,0.035174129,9069515.16,37982115.9,10074201.74,43831992.5,1004686.58,5849876.6,12,118,28.6053,0.1196,0.000551893,427,660,2,2.97786902,0.866449281,1000000
127,E251,***医疗器械有限责任公司,0.079217215,0.069651741,10331350.77,15604489.51,11493688.72,17683830.3,1162337.95,2079340.79,102,41,49.3636,0.0878,0.000500482,1355,274,17,3.278845335,0.869668757,1000000
128,E252,***印务有限公司,0.059014925,0.064160448,28577586.36,40716504.22,33000457.51,46481057.82,4422871.15,5764553.6,53,24,38.4324,0.0541,0.000968236,905,517,16,2.09426418,0.867676782,0
129,E253,***钢结构工程有限公司,0.012209701,0.064500415,19170361.85,28421904.55,20780744.33,30372714.34,1610382.48,1950809.79,41,63,40.9189,0.0687,0.000572238,1196,318,2,2.970444292,0.868583164,0
130,E254,***设备安装工程有限公司,0.122437996,0.043592454,3911129.35,39862515.02,4414013.58,41058390.22,502884.23,1195875.2,1,37,19.7714,0.0549,0.001202096,236,456,2,3.122335442,0.866210445,1000000
131,E255,个体经营E255 ,0.236585556,0.09733209,12983561.81,40600085.48,14814742.62,47061335.96,1831180.81,6461250.48,46,40,53.6111,0.0446,0.001246187,1331,599,16,2.782567487,0.866656412,1000000
132,E256,***物资有限公司,0.026259896,0.014859038,10665471.29,30626073.1,12387855.69,35441964.09,1722384.4,4815890.99,10,27,31.4054,0.0318,0.000274671,270,892,16,2.456669912,0.866706191,1000000
133,E257,***门窗安装有限公司,0.039028318,0.021973466,15941749.44,27089836.57,18414314.82,30264821.31,2472565.38,3174984.74,15,44,21.0968,0.0902,0.000472866,337,317,3,2.063138389,0.86679333,1000000
134,E258,***国际货运有限公司,0.174166951,0.137186982,16199633.52,72438229.49,16696430.29,76249111.89,496796.77,3810882.4,85,115,121.3947,0.0434,0.00169537,2233,2380,6,2.86069325,0.867109394,0
135,E259,***文化传媒有限公司,0.018487098,0.060238391,20448904.79,34583151.33,21874328.55,36658140.56,1425423.76,2074989.23,141,111,81.8378,0.0832,0.00051193,2321,707,16,2.091842935,0.869157968,1000000
136,E260,***广告有限公司,0.076224359,0.046793118,18649407.05,25073876.24,21248226.24,28618310.07,2598819.19,3544433.83,22,183,74.2703,0.0746,0.000840953,1343,1405,16,2.114856699,0.871557326,1000000
137,E261,***医疗器械有限公司,0.091769955,0.063041045,9114682.79,18464469.51,10411808.44,21249772.85,1297125.65,2785303.34,48,181,73.1081,0.0847,0.000133408,1338,1367,17,3.119037698,0.869318995,1000000
138,E262,个体经营E262 ,0.079426736,0.028969735,16726775.35,25601171.61,19205985.73,29507961.34,2479210.38,3906789.73,9,36,28.7059,0.0461,0.001003776,320,656,16,2.140612776,0.867444265,1000000
139,E263,***通信工程有限公司,0.100080932,0.033907546,14499399.98,31429666.33,15202551.46,34142751.14,703151.48,2713084.81,6,92,24.1622,0.1096,0.001677369,490,404,11,3.011869597,0.866809494,1000000
140,E264,个体经营E264 ,0.232830621,0,29373293.12,27436935.29,33839771.49,31861077.92,4466478.37,4424142.63,108,399,61.04,0.3322,0.001341328,1502,24,16,1.840409729,0.856029787,1000000
141,E265,***净化工程有限公司,0.038387432,0.122920813,25205034.4,26643447.98,27602486.93,29544959.07,2397452.53,2901511.09,67,74,71.7879,0.0595,0.000920506,1968,401,2,2.803585082,0.884830559,0
142,E266,***煤矿机械有限公司,0.260579755,0.018072139,1394024.46,28668930.79,1516008.42,33182228.24,121983.96,4513297.45,6,34,20.5278,0.0541,0.000409541,289,450,2,3.10091915,0.865917174,727409.8903
143,E267,***林园艺场,0.109455945,0.061359867,1044366.57,19823590.68,1052678,20098739.67,8311.43,275148.99,3,25,20.5789,0.0716,0.00064723,189,202,3,2.159959235,0.866180644,300961.0654
144,E268,***建筑劳务有限公司,0.136132828,0.015116086,6065353.02,26646588.71,6246728,28162725.9,181374.98,1516137.19,5,18,14.2222,0.0599,0.001847522,42,342,3,2.106566739,0.866262863,1000000
145,E269,***节能服务有限公司,0.055461294,0.027502073,938200.37,33731837.92,1037904.25,38735236.86,99703.88,5003398.94,1,29,10.0833,0.0826,0.001660643,169,194,2,3.168995296,0.866220664,505575.8569
146,E270,个体经营E270 ,0.094427989,0.086119403,5949670.39,25069945.61,6839559.01,28833281.19,889888.62,3763335.58,13,80,24.5278,0.1053,0.000474932,548,335,16,2.48568981,0.8664348,1000000
147,E271,***科技有限公司,0.040139598,0.05967869,27974038.69,44559301.53,32240745.55,51706364.31,4266706.86,7147062.78,60,117,56.1622,0.0852,0.00143492,1638,440,2,3.076164294,0.867826698,0
148,E272,个体经营E272 ,0.065846935,0.046965174,4744955.21,15338019.07,5174203.78,17673628.34,429248.57,2335609.27,38,53,47.5,0.0532,0.000207124,1168,542,16,2.115254107,0.867826012,1000000
149,E273,个体经营E273 ,0.024943204,0.107108209,11099818.34,23279088.47,11674762.05,24109874.77,574943.71,830786.3,86,85,269.1714,0.0182,0.000161032,1460,7961,16,1.854156205,0.877091078,1000000
150,E274,***建筑劳务有限公司,0.044506662,0.005093284,35569.07,13082080.71,36788,13474542.94,1218.93,392462.23,0,18,8.7059,0.1216,0.000507776,12,136,3,1.959689977,0.866104509,0
151,E275,***网络工程有限公司,0.035402793,0.04611733,1798930.56,26007353.71,1992109.26,27972234.18,193178.7,1964880.47,15,84,18.9737,0.1373,0.000677608,364,357,11,2.788718665,0.866418905,799604.4083
152,E276,***体育设施工程有限公司,0.034098425,0.163063847,4588551.92,13770756.15,4858935.72,14925323.35,270383.8,1154567.2,18,43,34.0286,0.0512,0.000234717,1022,169,3,2.174663448,0.867726003,1000000
153,E277,***消防设备制造有限公司,0.129409686,0.019253731,13097272.28,19215511.45,14774055.52,22226042.16,1676783.24,3010530.71,15,17,17.9062,0.0558,0.000115063,319,254,3,1.951627539,0.866351887,1000000
154,E278,***贸易有限公司,0.028757708,0.020476783,12223455.88,13924052.79,14051715.5,16014397.56,1828259.62,2090344.77,16,16,16.0789,0.0524,0.000170049,389,222,15,2.005630481,0.870250139,1000000
155,E279,***环保包装有限公司,0.285522959,0.0585966,17530317.09,24165571.24,19760064.37,24534413.91,2229747.28,368842.67,19,26,36.6667,0.0409,0.000270608,600,500,2,2.952883408,0.867045274,0
156,E280,个体经营E280 ,0.016776014,0.042060531,12356612.93,18525755.86,14262881.9,21411478.96,1906268.97,2885723.1,11,39,30.3611,0.0457,0.00014675,544,549,16,2.009358586,0.868250644,1000000
157,E281,***商业管理有限责任公司,0.081977955,0.058310531,20311580.87,17397813.19,22312967.97,18941403.12,2001387.1,1543589.93,60,30,45.6765,0.058,0.000163916,1002,551,14,1.997057526,0.859690297,1000000
158,E282,***影城有限公司***分公司,0.317415257,0.117002488,12752687.29,22105244.31,13712111.96,23133750.08,959424.67,1028505.77,43,752,71.3421,0.2932,0.000131116,752,1959,16,1.659907634,0.868458357,1000000
159,E283,***机械铸造有限责任公司,0.037362425,0.038389303,15948308.76,20162181.76,18229904.45,23292230.14,2281595.69,3130048.38,27,8,23.5946,0.0401,0.000166356,582,291,2,2.660828753,0.86833253,1000000
160,E284,***成焊科技有限公司,0.074003854,0.072815091,11567591.1,16914190.47,13172774.19,19501078.5,1605183.09,2586888.03,51,37,37.7895,0.0613,0.000106302,1007,429,2,2.501489233,0.868829251,1000000
161,E285,个体经营E285 ,0.061280622,0.046388889,18425708.23,34277356.54,21135545.08,38565998.72,2709836.85,4288642.18,42,106,33,0.1246,0.002116468,730,458,16,1.981065379,0.867381385,1000000
162,E286,***印务有限公司,0.045279011,0.023356136,11789776.2,15723620.89,13460417.26,17966574.57,1670641.06,2242953.68,15,59,20.375,0.1513,0.000731558,290,199,16,1.943127622,0.867740727,1000000
163,E287,***鞋材有限公司,0.029589628,0.021581675,15675028.71,17395806.73,18107475.92,20086444.5,2432447.21,2690637.77,40,42,18.6216,0.119,0.000126358,422,267,2,1.859685287,0.870627174,1000000
164,E288,个体经营E288 ,0.047119505,0.03327529,13539563.28,20520716.73,15577566.2,23785610.21,2038002.92,3264893.48,7,68,23.9706,0.092,0.00030275,575,240,16,2.040103175,0.867330001,1000000
165,E289,***运业有限公司***分公司,0.079556145,0.802719735,7709851.52,21929616.12,8418983.58,22587504.51,709132.06,657888.39,28,112,128.2632,0.0287,0.000112577,3307,1567,6,1.809672244,0.871054708,1000000
166,E290,***机电有限公司,0.081222038,0.039539801,5400612.36,19806876.59,6206390.55,22739348.88,805778.19,2932472.29,12,137,48.6053,0.0807,0.000234103,859,988,2,2.890844863,0.867436989,1000000
167,E291,***文业建设工程有限公司,0.316334789,0.067079187,18173601.71,11725173.72,20194632.77,13578727.72,2021031.06,1853554,21,33,16.7,0.1078,0.003624493,372,129,3,2.036820568,0.864709081,1000000
168,E292,***物流有限公司,0.274317723,0.019291045,6931707.57,11934748.02,7591626.1,12825713.18,659918.53,890965.16,12,39,47.0882,0.0319,8.56E-05,323,1278,6,1.723910506,0.868004605,1000000
169,E293,***物资有限公司,0.037362425,0.010887231,8484984.81,8467076.68,9689960.55,9719701.47,1204975.74,1252624.79,3,10,4.4054,0.0798,0.000305938,56,107,6,2.044397103,0.934648439,1000000
170,E294,个体经营E294 ,0.025904533,0.087618159,4431878.9,26386441.13,4950539.76,30514385.91,518660.86,4127944.78,22,49,32.0833,0.0615,0.000492791,845,310,16,2.78477997,0.86667819,1000000
171,E295,***电器设备制造有限公司,0.016619901,0.085451907,12038499.63,16926303.17,13847235.54,19550718.83,1808735.91,2624415.66,36,45,27.6757,0.0791,0.000218988,818,206,2,2.659901737,0.868733938,1000000
172,E296,***装饰设计工程有限公司,0.129409686,0.126511194,7417597.55,14552084.56,7900388.49,15526530.54,482790.94,974445.98,98,33,55.5,0.0787,0.000239608,1446,219,3,2.048248307,0.868654297,1000000
173,E297,***建筑机械租赁有限公司,0.172546249,0.050196932,10296967.85,15164690.59,11818960,17431786,1521992.15,2267095.41,0,21,11.7778,0.0991,0.000363906,50,162,3,2.065267538,0.86585597,1000000
174,E298,***电器维护服务有限公司,0.593101026,0.085791874,5549598.92,18477734.37,5833585.61,19077459.53,283986.69,599725.16,7,377,87.8421,0.115,0.000105734,902,2436,2,2.853394911,0.867296407,1000000
175,E299,***压缩天然气有限责任公司,0.06875968,0.061905058,24607361.84,22728778.84,27291493.04,25253697.9,2684131.2,2524919.06,22,50,28.0263,0.0676,0.000603984,570,495,2,2.701413808,0.858066816,0
176,E300,***建设工程有限公司,0.067786026,0.05069859,15336850.32,20160531.34,16785343.35,22024690.67,1448493.03,1864159.33,24,23,27.7143,0.0485,0.002058287,747,223,3,2.175114635,0.869961489,1000000
177,E301,***企业管理咨询有限公司,0.053528365,0.109334577,4280030.13,16560677.89,4493948.18,17445052.73,213918.05,884374.84,58,30,94.4167,0.0259,0.000235843,2971,428,14,1.93550469,0.869802717,998360.7382
178,E302,***机电设备有限公司,0.021911319,0.070634328,3958150.84,10390309.47,4427564.35,11922876.11,469413.51,1532566.64,56,28,30.5263,0.0724,8.47E-05,899,261,2,2.44925333,0.868206627,1000000
179,E303,***图书发行有限公司,0.030314733,0.227806799,2821480.74,16804081.51,3170500.49,16884954.4,349019.75,80872.89,11,45,26.2368,0.0562,0.000128557,682,315,16,2.032369436,0.867030509,724266.0231
180,E304,***环保科技有限公司,0.035696532,0.083211028,17261816.18,9883187.26,19542687.27,11369292.98,2280871.09,1486105.72,19,78,41.5946,0.063,0.00022728,588,951,2,2.727692391,0.863100473,0
181,E305,***劳务有限公司,0.122772818,0.021053068,19524900.76,60033573.37,19677661.07,63582439.59,152760.31,3548866.22,15,38,24.2162,0.0592,0.008179304,575,321,16,2.789022034,0.867027115,0
182,E306,个体经营E306 ,0.020298834,0.122211857,3717601.32,14122634.6,4072362.83,15101050.69,354761.51,978416.09,26,53,45.7059,0.0508,0.000217564,1225,329,16,2.104222056,0.868113132,1000000
183,E307,***通信工程有限公司,0.047832285,0.040002073,3088189.51,7263584.1,3239157.43,7909138.02,150967.92,645553.92,9,17,16.6667,0.0473,0.000332831,452,98,11,3.01940472,0.867562686,1000000
184,E308,***餐饮文化服务有限公司,0.120638585,0.105060116,8605501.13,13141775.56,8784915.05,13536026.63,179413.92,394251.07,27,402,56.7568,0.2043,0.000137684,487,1613,10,1.724237388,0.871322193,1000000
185,E309,个体经营E309 ,0.016619901,0.115524461,7092383.3,15409490.38,7575837.8,16305259.4,483454.5,895769.02,52,39,31.6,0.0823,0.000212994,934,172,16,2.043161616,0.867919066,1000000
186,E310,***律师事务所,0.033726629,0.2425767,3807608.66,12080004.84,3994194.92,12563762.17,186586.26,483757.33,23,59,89.5806,0.0295,9.07E-05,1839,938,16,1.782780164,0.870772038,743889.9533
187,E311,***律师事务所,0.017696261,0.266353648,2067490.98,11933029.58,2221758.2,12291020.05,154267.22,357990.47,30,56,108.3333,0.0294,9.81E-05,2514,411,16,1.879765318,0.870361447,453783.1702
188,E312,***家居用品有限公司,0.097320192,0.143157131,79087810.35,12700967.88,89814136.49,14708280.88,10726326.14,2007313,219,17,137.8108,0.0463,0.003003632,4433,666,2,3.063268981,0.86476062,0
189,E313,***物流有限公司,0.038473705,0.020990879,7268359.72,14139592.71,8362495.58,15571712.06,1094135.86,1432119.35,6,18,15.8947,0.0397,8.07E-05,325,279,6,1.806449911,0.866975051,1000000
190,E314,***房地产营销策划有限公司,0.032401721,0.211650083,2981986.12,8415581.62,3103712.26,8669935,121726.14,254353.38,12,17,37.4167,0.0215,4.05E-05,1237,110,13,1.431168748,0.869458282,0
191,E315,***轮胎有限公司,0.2200129,0.024941957,2539692.83,11721213.12,2904454.68,13543071.22,364761.85,1821858.1,12,47,50.2368,0.0309,8.04E-05,376,1533,2,2.667559106,0.867538375,1000000
192,E316,个体经营E316 ,0.179704864,0.056753731,2563049.9,12084765.12,2869768.45,13861041.59,306718.55,1776276.47,13,52,32.1667,0.0561,0.00021992,754,404,16,2.13016761,0.866778317,720071.5738
193,E317,***科技有限公司,0.019308747,0.023911692,1796837.17,6948819.18,1913797.47,7394737.97,116960.3,445918.79,7,38,16.1875,0.0869,4.68E-05,347,171,2,2.158845099,0.867242978,517860.4693
194,E318,***商贸有限公司,0.041191309,0.029174959,1195469.02,12911418.38,1286101.44,14933112.82,90632.42,2021694.44,3,60,17,0.0975,6.23E-05,297,349,15,1.654091936,0.866512183,194328.5525
195,E319,个体经营E319 ,0.020769228,0.020590796,7624480.37,14883733.44,8809043.58,17260807.58,1184563.21,2377074.14,6,51,24.0833,0.0657,0.000128451,176,691,16,2.018148851,0.867442459,1000000
196,E320,***建筑设计有限公司,0.193087469,0.049612355,6814313.23,9018084.95,6886298.12,9559170.31,71984.89,541085.36,13,6,10.7667,0.0588,0.00125041,231,92,3,2.115155178,0.866528395,1000000
197,E321,***生物流有限公司,0.011268913,0.026181592,5370699.1,12733713.59,6190283.45,13995829.11,819584.35,1262115.52,1,62,11.5405,0.1475,0.000198133,62,365,2,2.598884865,0.86680705,1000000
198,E322,***装饰工程设计有限公司,0.243731847,0.052377695,9642730.76,10939325.34,10907439.26,12243731.3,1264708.5,1304405.96,20,48,57.2,0.0396,0.000215238,884,832,3,2.046410895,0.877117143,1000000
199,E323,***建筑装饰工程有限公司,0.054434233,0.058171642,4609565.64,6982099.19,4998167.25,7599033.6,388601.61,616934.41,33,48,22.5,0.1385,0.00017734,468,117,3,1.89415515,0.868779587,1000000
200,E324,***汽贸有限公司,0.078444865,0.295549337,82585280.67,17089100.93,95633469.88,18635217.04,13048189.21,1546116.11,52,77,51.5676,0.0676,0.002573787,1569,339,15,2.946578977,0.865434375,0
201,E325,***通讯器材有限公司,0.80445991,0.056878109,32024921.16,12632810.98,36405246.56,14322690.61,4380325.4,1689879.63,17,179,118.7895,0.0434,0.000333661,513,4001,11,3.275275488,0.864777833,0
202,E326,***包装材料有限公司,0.027823083,0.03183665,9462525.45,12194755.07,10951030.25,14108649.29,1488504.8,1913894.22,16,17,13.2647,0.0732,6.43E-05,270,181,2,1.697505023,0.86776222,1000000
203,E327,个体经营E327 ,0.136028068,0.059977197,11557876.2,19166453.95,13305927.11,22258641.1,1748050.91,3092187.15,14,20,19.9167,0.0474,0.000185389,466,251,16,2.096677822,0.866465625,1000000
204,E328,***科技有限公司,0.016907478,0.132126866,2782471.34,9554580.53,3137358.17,10449155.58,354886.83,894575.05,18,20,19.7,0.0643,0.000297147,447,144,2,2.883018648,0.86727936,1000000
205,E329,***园艺有限责任公司,0.049298928,0.009535655,1251.89,11443130.35,1327,11443130.35,75.11,0,0,5,6.7895,0.0388,0.00036544,5,124,3,2.040758658,0.8660701,0
206,E330,***酒店管理有限公司,0.993114583,0.105257048,2891276.55,8344504.18,3072365.88,8594844.24,181089.33,250340.06,30,60,239.9211,0.0099,1.60E-05,1344,7773,14,1.440833417,0.879296617,0
207,E331,***广告有限公司,0.024478972,0.009535655,1265768.59,6302781.83,1344783.22,6680948.75,79014.63,378166.92,5,7,6.4857,0.0529,7.58E-05,139,88,16,1.81963456,0.866409423,257803.7173
208,E332,***商贸有限公司,0.244440519,0.077048093,16836139.15,31121665.44,19155299.68,36255166.03,2319160.53,5133500.59,20,10,32.2973,0.0251,0.001036643,817,378,15,2.379781495,0.866537072,1000000
209,E333,***房地产营销策划有限公司,0.071610801,0.054004975,1329261.91,7738982.96,1442211.6,7971152.36,112949.69,232169.4,5,10,28.5588,0.0154,2.54E-05,844,127,13,1.456620574,0.86768781,0
210,E334,***机械科技有限公司,0.056028232,0.020570066,5469586.86,8293002.83,6321564.73,9595133.97,851977.87,1302131.14,3,12,10.7097,0.0452,9.34E-05,147,185,2,2.457567821,0.866817886,1000000
211,E335,***挖掘机租赁经营部,0.20011462,0.156279022,3649255.35,5929203.35,4056798.01,6541822.59,407542.66,612619.24,8,68,30.5652,0.1081,0.000202782,431,272,2,2.804818085,0.867845072,1000000
212,E336,***猕猴桃专业合作社,0.027823083,0.011608624,262083.75,2888366.5,262138,2890978.61,54.25,2612.11,0,5,3.9286,0.0909,0.00016928,7,48,1,1.919438589,0.866146784,0
213,E337,个体经营E337 ,0.025333487,0.007808872,297419.97,12994088.84,322667.78,14567925.75,25247.81,1573836.91,3,76,20.6667,0.1062,0.000184568,66,678,16,2.34563517,0.866695713,0
214,E338,***商贸有限公司,0.025333487,0.027924959,588726.58,7976163.78,623048.61,8322153.27,34322.03,345989.49,1,7,10.0909,0.024,4.65E-05,251,82,15,1.657273893,0.866473197,0
215,E339,***居益卫浴家俬厂,0.017460037,0.030715174,2892673.65,4109837.67,3332779.6,4736213.77,440105.95,626376.1,0,8,12.7826,0.0272,1.71E-05,126,168,2,1.458315934,0.868759334,0
216,E340,***物流有限公司,0.011640709,0.014718076,33895,8360609.21,36670,8611427.4,2775,250818.19,1,27,4.4545,0.1905,0.000117172,10,137,6,2.182573635,0.866171974,0
217,E341,***纺织品有限公司,0.013008755,0.022663765,1434811.7,3700509.66,1645069.24,4259960,210257.54,559450.34,0,6,7.1765,0.0492,3.12E-05,53,69,2,2.406008952,0.866555706,501373.6483
218,E342,***裕华机械厂,0.023320447,0.037902156,2327094.27,5930717.5,2669954.62,6842231.2,342860.35,911513.7,18,27,9.9211,0.1194,2.11E-05,245,132,2,1.468370146,0.867018688,0
219,E343,***五金工具经营部,0.138402633,0.019900498,792.45,2762432.18,840,2845389.71,47.55,82957.53,0,32,10.9189,0.0792,5.64E-06,3,401,2,2.488676088,0.865454373,0
220,E344,***机械有限公司,0.004607396,0.01388267,1420974.66,2407484.28,1615509.89,2779122,194535.23,371637.72,3,5,5.4211,0.0388,1.18E-05,118,88,2,1.505976079,0.868451441,179028.5179
221,E345,***科技有限公司,0.013922839,0.015632255,587208.15,2592384.57,665754.14,2900390,78545.99,308005.43,4,12,9.2571,0.0494,7.88E-06,249,75,2,1.664240371,0.867829765,0
222,E346,个体经营E346 ,0.0298998,0.056753731,2359028.11,2577758.13,2720392.92,2982734.97,361364.81,404976.84,9,40,30.3333,0.0449,7.10E-06,487,605,16,1.556438189,0.908886878,340125.0368
223,E347,***不锈钢材料有限公司,0.012209701,0.004929519,980033.03,2210455.94,1128927.58,2565050.66,148894.55,354594.72,2,40,6.8919,0.1647,2.04E-06,85,170,2,1.21566965,0.868019463,0
224,E348,***酒店管理有限公司,0.293981833,0.024436153,794499.62,2375709.13,814934.11,2446984.22,20434.49,71275.09,8,219,124.7647,0.0535,1.62E-06,192,4050,14,1.555652181,0.891094669,112425.605
225,E349,***营销策划广告有限公司,0.080110758,0.006080017,6878.61,3329073.81,7446.05,3428946,567.44,99872.19,0,0,4.8,0,1.33E-05,9,39,16,2.238599,0.865811739,0
226,E350,***演艺设备有限公司,0.005057248,0.06604063,411821.24,1710035.17,447977.7,1763403,36156.46,53367.83,6,8,21.0938,0.0207,4.60E-06,623,52,16,1.432285603,0.87357314,0
227,E351,***文化传播有限公司,0.013818079,0.018173715,300609.65,1316222.56,311474.05,1355709.1,10864.4,39486.54,1,8,5.4286,0.0592,3.43E-06,100,52,16,1.540034493,0.867599954,0
228,E352,***居装饰工程有限公司,0.001370099,0.067118574,13822580.09,2883833.99,14825626.92,2970349,1003046.83,86515.01,8,5,21.1351,0.0166,6.34E-05,735,47,3,1.650746753,0.864884291,1000000
229,E353,***税务师事务所有限公司,0.006162366,0.013213101,357364.78,3415753.09,374755.78,3521566.64,17391,105813.55,10,12,8.5882,0.0753,1.81E-05,224,68,16,1.497587718,0.867263608,0
230,E354,***广告有限公司,0.056256239,0.024836235,606545.29,2428586.87,681580,2501945.48,75034.71,73358.61,2,30,10.2286,0.0894,6.21E-06,65,293,16,1.47483436,0.867316288,0
231,E355,***地毯经营部,0.021646338,0.019900498,1010052.1,1254329.47,1060560,1291979.81,50507.9,37650.34,1,16,10.2308,0.0639,1.01E-06,3,263,3,1.420174353,0.878815323,0
232,E356,***建材装饰部,0.131843821,0.012991294,16128.3,1515361.66,16160,1561234.96,31.7,45873.3,0,2,7.1111,0.0104,3.07E-06,3,189,3,1.417868354,0.864497528,0
233,E357,***家居经营部,0.048442359,0.009535655,62418.02,1427155.58,66515.2,1469970.02,4097.18,42814.44,0,10,5.9231,0.0649,2.21E-06,10,144,3,1.510935176,0.866257156,0
234,E358,***五金经营部,0.072210605,0.019900498,528.3,1943715.19,560,2002026.58,31.7,58311.39,0,42,10.0385,0.1609,2.63E-06,2,259,3,1.316357087,0.866482571,0
235,E359,***厨房用品经营部,0.046731276,0.019900498,528.3,1308797.08,560,1348061.02,31.7,39263.94,0,19,9.4167,0.0841,1.69E-06,2,224,3,1.424101315,0.867231879,0
236,E360,***建筑劳务有限公司,0.117084954,0.03026534,792.45,3097442.89,840,3190366.11,47.55,92923.22,0,6,5.3333,0.1875,6.92E-05,3,29,3,1.617554848,0.865773669,0
237,E361,***勘察设计工程有限公司,0.010449319,0.130804312,3359845.37,5523458.3,3454442.6,5841677.6,94597.23,318219.3,3,28,9.3214,0.1188,6.54E-05,171,90,3,1.698822816,0.86762725,584161.2454
238,E362,***建材有限公司,0.035402793,0.006944444,462651,4668776.73,507625.8,4808840,44974.8,140063.27,4,10,6.3824,0.0645,0.000130158,122,95,3,2.020851537,0.866417038,117363.7609
239,E363,***建筑工程设计有限公司,0.011640709,0.004975124,207411.33,1540336.74,215564.44,1587407.24,8153.11,47070.5,6,9,4.7308,0.122,4.47E-06,93,30,3,1.437396326,0.86690728,0
240,E364,***电子有限公司,0.015997502,0.01662728,433344.43,2181148.36,474093.95,2526497.1,40749.52,345348.74,0,27,11.7895,0.0603,6.50E-06,140,308,11,2.335373557,0.868807597,144144.1947
241,E365,***信息技术有限公司,0.015062877,0.015064262,1905216.53,4032581.63,2134217.56,4440519.03,229001.03,407937.4,4,12,5.7714,0.0792,0.000285331,126,76,12,2.806575216,0.867495501,856227.6847
242,E366,***房地产经纪有限公司,0.008900511,0.021784826,361648.44,1515935.29,380061.31,1591732,18412.87,75796.71,0,1,2.1053,0.025,4.13E-06,21,19,13,1.405538323,0.866264163,0
243,E367,***电子商务有限公司,0.066415927,0.004353234,257996.68,2229588.8,270308.85,2310000,12312.17,80411.2,2,17,8.84,0.086,4.35E-06,23,198,15,1.518193307,0.866353294,0
244,E368,***通信科技有限责任公司,0.018487098,0.017717662,537399.71,1352321.3,569524.16,1474118,32124.45,121796.7,4,10,4.2,0.1333,1.96E-05,83,22,11,2.077619533,0.866925969,143980.3138
245,E369,***网络技术有限公司,0.041595971,0.01759743,694071.62,1525265.16,805659.18,1767770.9,111587.56,242505.74,9,14,9.7778,0.0653,3.43E-06,152,200,12,2.016298327,0.869123584,175761.7517
246,E370,***设计服务部,0.043430302,0.009535655,1049.65,2138034.78,1097,2202150.05,47.35,64115.27,1,28,16.8929,0.0613,4.86E-06,3,470,16,1.495834709,0.868361326,0
247,E371,***自动化科技有限公司,0.008216488,0.045812604,187297.41,1541012.49,206082.54,1674165.45,18785.13,133152.96,1,6,4.4167,0.066,8.13E-06,80,26,2,1.506449134,0.866893176,0
248,E372,***汽车维修有限责任公司,0.063455937,0.102819237,565880.77,2289817.29,647327.7,2454489.45,81446.93,164672.16,1,50,22.6053,0.0594,2.00E-06,323,536,2,1.45128638,0.87123187,0
249,E373,个体经营E373 ,0.017899619,0.127004561,20310367.51,1334429.8,23371859.15,1521156.78,3061491.64,186726.98,13,3,27.1389,0.0164,0.000173428,868,109,16,2.206163585,0.865236508,1000000
250,E374,***建材经营部,0.019380641,0.012991294,47130.24,1509394.49,48560,1554676.33,1429.76,45281.84,0,45,9,0.2174,2.31E-06,3,204,3,1.191089064,0.867483324,0
251,E375,***电器经营部,0.005233903,0.019900498,528.3,1072781.26,560,1105007.5,31.7,32226.24,0,20,11.5806,0.0557,5.97E-07,2,357,2,2.353178114,0.870616096,0
252,E376,***建筑装饰设计有限责任公司,0.031128165,0.012991294,6353.54,809828.49,6560,834203.28,206.46,24374.79,0,8,3.4286,0.1667,5.62E-06,3,45,3,1.36297422,0.865967345,0
253,E377,***文化传播有限公司,0.016700012,0.040630182,248557.56,1064546.98,257422,1097901.1,8864.44,33354.12,2,29,5.0303,0.1867,4.39E-06,108,58,16,1.311891428,0.867861751,0
254,E378,***商贸有限公司,0.022981517,0.227197347,1203239.58,1186654.47,1346506.57,1332457.33,143266.99,145802.86,7,64,28.9118,0.0722,7.74E-06,685,298,15,1.474396881,1.2,0
255,E379,***药业有限公司,0.035176839,0.025356551,1435541.83,2616853.67,1574912.43,2869162.2,139370.6,252308.53,16,84,13.7895,0.1908,4.02E-06,369,155,17,1.837422883,0.870348129,299911.2825
256,E380,***建材有限公司,0.236224031,0.009535655,528.3,1423165.73,560,1465860.8,31.7,42695.07,0,22,9.8824,0.131,5.21E-06,2,166,3,1.43252159,0.863675598,0
257,E381,***通信网络工程有限公司,0.061036181,0.300031095,86975232.86,1507932.91,99981836.1,1731572.6,13006603.24,223639.69,57,2,49.8919,0.032,0.004239037,1766,80,11,3.241763203,0.865458167,0
258,E382,***教育信息咨询有限公司***分公司,0,0.009535655,699.24,516453.4,760,531947,60.76,15493.6,0,0,4.2857,0,1.35E-07,2,88,16,1.396227911,0.868553464,0
259,E383,***通讯器材经营部,0.144472563,0.013978027,227271.78,939729.25,234550,968120.5,7278.22,28391.25,0,15,6.2,0.121,9.48E-06,13,111,11,2.471851843,0.862822831,0
260,E384,个体经营E384 ,0.049298928,0.019307629,2676250.77,2391103.67,3079370.8,2749901.07,403120.03,358797.4,11,5,7.5143,0.0608,2.84E-05,236,27,16,1.640178116,0.860969704,423407.8792
261,E385,***装饰工程有限公司,0.014378854,0.024046434,18027.46,1101662.52,19184,1134712.38,1156.54,33049.86,2,16,2.1579,0.439,1.13E-05,29,12,3,1.279771714,0.865917752,0
262,E386,个体经营E386 ,0.041766463,0.088308458,183899.32,5164038.91,198077.36,5318960,14178.04,154921.09,3,12,16.7407,0.0332,4.51E-05,398,54,16,1.663476634,0.867029981,0
263,E387,***农副产品经营部,0.047832285,0.019900498,1258.42,902446.84,1380,929901,121.58,27454.16,0,8,3.1786,0.0899,1.88E-07,3,86,1,1.380888639,0.865234906,0
264,E388,***商贸有限公司,0.060742442,0.124347015,93267.56,1171179.88,105595.8,1206451.2,12328.24,35271.32,1,35,16.4865,0.059,6.81E-07,291,319,15,1.495333999,0.87149817,0
265,E389,***清洁服务有限公司,0.115591608,0.009535655,2836.56,471561.62,2880,485708.5,43.44,14146.88,0,1,5.9091,0.0154,7.06E-07,2,63,16,1.423056388,0.864175931,0
266,E390,***建筑工程有限公司,0.055461294,0.003776949,6885.33,794083.14,7278.8,817905.62,393.47,23822.48,0,0,2.3077,0,1.49E-06,16,14,3,1.443543112,0.865198946,0
267,E391,***五金店,0.011459947,0.012991294,839.62,1474162.57,890,1519965.07,50.38,45802.5,0,32,8.4474,0.0997,8.67E-07,3,318,2,2.125221848,0.868651677,0
268,E392,***科技有限公司,0.003722069,0.0499233,88514.42,1166094.92,93949.76,1201454.64,5435.34,35359.72,0,33,11.2778,0.0813,7.89E-07,179,227,2,1.4369884,0.871335577,0
269,E393,***商贸有限责任公司,0.046445753,0.014718076,396744.61,1031162.39,453325.24,1062120.71,56580.63,30958.32,1,63,15.75,0.1129,2.90E-07,23,544,15,1.328995576,0.875278691,0
270,E394,***环保设计研究院（有限合伙）,0.088327246,0.047145522,855422.41,2363895.17,875844.85,2434812,20422.44,70916.83,18,58,15.8286,0.1372,2.11E-05,533,21,2,1.347299908,0.868415346,0
271,E395,***网络科技有限公司,0.016287133,0.01388267,244995.41,3007823.74,279403.02,3511247.85,34407.61,503424.11,4,45,7.0938,0.2159,1.93E-05,133,94,11,2.259231158,0.866726354,0
272,E396,***文化传播有限公司,0.041766463,0.016013682,695239.74,812756.76,786850.18,861522.2,91610.44,48765.44,13,5,7.9697,0.0684,3.19E-06,198,65,16,1.47846383,0.885558588,0
273,E397,***大闸蟹经营部,0.036092978,0.03141791,383834.1,810092.53,442640,834413.7,58805.9,24321.17,0,51,10.0667,0.3377,1.03E-06,19,132,1,1.1576303,0.869319318,0
274,E398,***医疗管理咨询有限公司,0.05135305,0.021237562,78671.58,618867.38,81786.79,637433.35,3115.21,18565.97,1,0,4.9091,0.0062,1.83E-06,73,89,17,1.831729727,0.866042687,0
275,E399,***装饰工程有限公司,0.006749845,0.032856551,18163.24,504522.15,20171.2,519657.8,2007.96,15135.65,0,4,2.5769,0.0597,2.64E-06,52,15,3,1.471816517,0.867526708,0
276,E400,***办公用品经营部,0.017509336,0.021784826,63453.47,892471.26,71643.65,919455.7,8190.18,26984.44,0,12,5.1111,0.087,1.16E-06,16,122,16,1.323727994,0.867549118,0
277,E401,***遮阳技术发展中心,0.028153796,0.006080017,165356.5,511663.96,187070.85,585071.61,21714.35,73407.65,0,38,2.68,0.5672,2.58E-06,28,39,2,1.214596501,0.864785248,0
278,E402,***商贸有限公司,0.016776014,0.073204809,413456.7,602013.89,482208,701477.52,68751.3,99463.63,0,3,4.9375,0.038,2.32E-06,57,22,15,1.524521229,0.869965347,0
279,E403,***机械有限公司,0.025705283,0.009535655,91462.74,1324264.84,101137.52,1373249.7,9674.78,48984.86,2,9,4.5676,0.0651,2.50E-06,108,61,2,1.453811149,0.866813902,0
280,E404,个体经营E404 ,0.018487098,0.019900498,851261.13,1375746.76,977485,1516100,126223.87,140353.24,4,6,2.5,0.25,3.61E-05,25,15,16,1.365474345,0.86617706,0
281,E405,***职业技能服务有限公司,0.003081183,0.044776119,95606.22,591627.17,101339.12,609376,5732.9,17748.83,1,20,2.3333,0.5,2.31E-06,17,25,15,1.140395868,0.866563667,0
282,E406,***招投标代理有限公司,0.025333487,0.005389718,191619.41,1194678.98,198023.79,1230519.35,6404.38,35840.37,0,7,3.1667,0.0921,1.15E-05,52,24,14,1.534714552,0.866152295,0
283,E407,***装饰工程有限公司,0.032707785,0.019133499,389478.13,2819818.44,412642.18,2904413,23164.05,84594.56,1,13,6.1724,0.0782,2.36E-05,148,31,3,1.713812354,0.866492648,0
284,E408,***空调制冷有限责任公司,0.015919446,0.019900498,70013.32,637420.62,77774.1,656562,7760.78,19141.38,1,6,2.3214,0.1077,6.18E-07,39,26,2,1.322813437,0.866407823,0
285,E409,***塑胶有限公司,0.009007325,0.019900498,47059.72,250748,49699,258270.45,2639.28,7522.45,0,11,4.0385,0.1048,1.78E-07,15,90,2,1.324289627,0.871536199,0
286,E410,***网络科技有限公司,0.001105118,0.074027778,16780.68,415674.57,18876.17,421828,2095.49,6153.43,0,1,5.8621,0.0059,2.39E-07,105,65,12,2.048523572,0.872646031,0
287,E411,***机电设备有限公司,0.009987141,0.02238806,245753.44,390663.73,251701.03,403056.28,5947.59,12392.55,0,30,5.1765,0.1705,2.32E-07,109,67,2,1.153986722,0.878520723,0
288,E412,***汽车贸易有限公司,0.004792267,0.049514925,77545.72,351770.67,81880.36,363536,4334.64,11765.33,3,12,6.2857,0.0682,5.73E-08,83,137,15,1.285172399,0.87678208,0
289,E413,***石材工艺品有限公司,0.041310448,0.052823383,24463.71,341445.51,27243.9,351688.96,2780.19,10243.45,0,7,5,0.0737,9.45E-07,62,33,2,1.507041792,0.86696758,0
290,E414,***物流有限责任公司***分公司,0.012618471,0.007462687,9804.72,506504.84,10282.33,521700,477.61,15195.16,0,3,1.5455,0.1765,4.29E-06,6,11,6,1.270751401,0.865923931,0
291,E415,***广告设计服务部,0.007770744,0.019900498,17142.86,85328.75,18000,87893.2,857.14,2564.45,0,0,9.1304,0,0,2,208,16,2.126651154,0.901020902,0
292,E416,***科技有限公司,0.031325361,0.008055556,174174.86,226890.14,184593.74,233696.8,10418.88,6806.66,1,2,2.3077,0.1,1.18E-07,7,23,2,1.259616162,0.862949071,0
293,E417,***园林景观工程有限公司,0.023622403,0.03594942,155160.66,161669.92,173946.46,166520,18785.8,4850.08,1,0,4.2903,0.0075,4.66E-07,127,6,3,1.398518149,0.871453236,0
294,E418,***营销策划有限公司,0.007074396,0.023173715,46292.93,450804.51,48995.44,464614.4,2702.51,13809.89,0,3,4.55,0.033,3.67E-06,71,20,15,1.38854415,0.868823168,0
295,E419,***科技有限公司,0.013351793,0.256109038,11900285.75,52075.47,12034978.24,55200,134692.49,3124.53,26,0,33.7368,0.0203,9.33E-05,1278,4,2,2.463887306,0.864229833,1000000
296,E420,***康药房,0.005478343,0.023138474,1885593.56,82539.12,2149049.36,94864.23,263455.8,12325.11,2,12,8.2812,0.0528,2.87E-06,151,114,17,2.429908966,0.864064859,668413.8784
297,E421,***保温材料有限公司,0.063677782,0.019900498,30393.81,245700.76,32170,253071.83,1776.19,7371.07,0,1,2.9375,0.0213,1.51E-06,19,28,2,1.322289033,0.862718645,0
298,E422,***童装店,0.005846031,0.012991294,889.39,28314.81,960,29207.61,70.61,892.8,0,3,2.1429,0.1,6.08E-10,3,27,16,1.254125541,0.87607276,0
299,E423,***通风设备有限公司,0.008216488,0.012363184,61046.14,78388.34,69051.7,80740,8005.56,2351.66,0,1,1.5882,0.037,3.25E-08,21,6,2,1.317553352,0.880348064,0
300,E424,***贸易有限公司,0.018487098,0.016444859,254329.9,87850.24,271999.39,90685.61,17669.49,2835.37,0,6,3.4444,0.0968,1.88E-07,25,37,15,1.367191864,0.863600412,0
301,E425,***商贸有限公司,0.100651978,0.047539386,59519.52,152574.75,64760.24,157152,5240.72,4577.25,2,8,6,0.0794,5.30E-07,116,10,15,1.371183527,0.859292519,0
