企业代号,企业名称,购方合作密切指数,销方合作密切指数,进项金额,销项金额,进项价税合计,销项价税合计,进项税额,销项税额,作废进项发票数,作废销项发票数,月交易频率,作废发票/有效发票,企业资金链稳定程度,有效进项发票数,有效销项发票数,总发票数,进项平均金额,销项平均金额,进项金额中位数,销项金额中位数,进项平均税额,销项平均税额,进项税额中位数,销项税额中位数
E124,个体经营E124 ,0.177065317,1.0,922278529.7,885808734.0,992181263.0,965061608.5,69902733.27,79252874.41,2147,194,654.52,0.1431,0.4793012270000001,15264,1099,18704,52971.02577,685080.2274,9999.03,900900.9,4014.860334,61293.79305,1243.28,1243.28
E125,个体经营E125 ,0.142321897,0.752348673,1095904191.0,1097851722.0,1177813229.0,1195105005.0,81909037.87,97253283.75,2512,215,532.1111,0.1424,1.0,17776,1380,21883,54017.35958,688308.2895,13643.74,900900.9,4037.314564,60973.84561,1303.45,1303.45
E126,个体经营E126 ,0.093234544,0.061936153,117327184.0,628834350.7,134006340.6,650309040.1,16679156.64,21474689.41,18,252,49.4167,0.1518,0.278798573,515,1264,2049,220126.0488,414798.3844,86150.86,313012.75,31292.976810000004,14165.36241,12516.81,12516.81
E127,个体经营E127 ,0.500634724,0.17472636800000002,1732644.55,696829699.3,1854772.94,717746672.6,122128.39,20916973.24,26,122,148.0,0.0278,0.322943979,1424,3904,5476,1194.927276,173082.3893,286.74,99902.91,84.22647586,5195.472737,29.65,29.65
E128,个体经营E128 ,0.7374298,0.315466418,10302249.18,255682870.5,10788039.88,264642363.1,485790.7,8959492.66,88,94,119.3056,0.0424,0.046051088,3134,1161,4477,3197.470261,203731.3709,283.02,96990.29,150.7730292,7139.037976000001,28.705,28.705
E129,个体经营E129 ,0.105216237,0.1586733,93519019.57,368188407.6,104813014.8,424383814.0,11293995.26,56195406.35,398,636,308.5833,0.0931,0.07318888,5928,5181,12143,14783.27847,63295.23941,398.23,84568.97,1785.3296329999996,9660.547765,27.465,27.465
E130,个体经营E130 ,1.0,0.203793532,80095869.55,115228113.7,85539937.0,125731902.1,5444067.45,10503788.41,128,61,138.875,0.0425,0.045776533,3123,1321,4633,24637.30223,83377.79575,936.89,91743.12,1674.582421,7600.4257670000015,60.74,60.74
E131,个体经营E131 ,0.044734669000000005,0.279021559,123045721.4,229133690.0,138371076.4,264977386.6,15325354.94,35843696.69,550,239,267.3333,0.08199999999999999,0.03443698,6527,3097,10413,17386.706430000002,68685.15886,2200.82,21238.94,2165.515747,10744.5134,151.46,151.46
E132,个体经营E132 ,0.099444155,0.40306592,68486384.66,223393967.0,75039020.2,243054304.6,6552635.54,19660337.54,109,139,197.3235,0.037000000000000005,0.03203558,5050,1659,6957,13275.12787,124245.8104,258.62,90909.09,1270.136759,10934.55925,33.36,33.36
E133,个体经营E133 ,0.111949649,0.094398839,41329044.92,140158995.8,43053579.11,144363765.6,1724534.19,4204769.86,46,30,49.6857,0.0437,0.020899716,1599,140,1815,25124.03947,824464.6811,803.88,970873.78,1048.349052,24733.94035,55.94,55.94
E134,***工程咨询有限公司,0.067342336,0.07172471,4072204.37,131814961.9,4444929.39,139723861.9,372725.02,7908899.94,31,235,121.5946,0.0591,0.011851756,1664,2835,4765,2402.480454,42936.46968,230.09,33402.125,219.896767,2576.188906,19.57,19.57
E135,***建设工程有限公司,0.031039838,0.954742952,25578736.53,156807166.5,27480128.37,165998415.9,1901391.84,9191249.34,44,46,86.8649,0.028,0.011433323,2847,367,3304,8847.712394,379678.3693,911.5,258800.5,657.6934762999998,22254.84102,107.24,107.24
E136,***机械有限责任公司,0.7506357509999999,0.934968905,114717809.0,123727767.2,132336469.8,142812812.1,17618660.87,19085044.9,2,71,88.6207,0.0284,0.009913208,1286,1284,2643,89066.62186,91312.00531,89655.17,92307.69,13679.084530000002,14084.90399,13996.55,13996.55
E137,***建设工程有限公司,0.035604097,0.160526534,115811435.5,158948125.4,121612438.2,170522212.8,5801002.71,11574087.34,140,23,91.1351,0.0483,0.018580948,3141,231,3535,35297.60302,625780.0214,834.95,783369.07,1768.059345,45567.27299,52.3,52.3
E138,个体经营E138 ,0.07326437,0.099939884,21110979.59,111172136.3,24247640.51,128023359.2,3136660.92,16851222.9,8,53,54.1944,0.0313,0.007802818,512,1439,2012,40598.03767,74512.1557,526.01,81239.315,6032.040231,11294.38532,61.315,61.315
E139,个体经营E139 ,0.580517474,0.060783582,1671410.17,204891564.1,1777642.71,215741759.9,106232.54,10850195.81,15,613,351.8333,0.0496,0.009566528,457,12209,13294,3541.123242,15979.68835,224.15,9991.0,225.0689407,846.2171119999998,27.59,27.59
E140,***建筑工程有限公司,0.092879181,0.184011194,7466027.72,225183702.4,7999749.34,232307631.5,533721.62,7123929.1,51,119,74.2973,0.0618,0.029721391,2023,726,2919,3599.820501,266489.5886,262.96,97087.38,257.33925750000003,8430.685325,18.65,18.65
E141,***食品有限公司,0.113564189,0.049842454,40889943.78,167955634.3,42950106.37,170643916.9,2060162.59,2688282.61,56,282,161.5278,0.0581,0.011364632,1357,4458,6153,28938.38909,35433.67812,9937.65,25936.035,1458.006079,567.14823,29.1,29.1
E142,***运业有限公司,0.281081947,0.039508706,51125368.97,103655285.4,58091460.57,113757315.7,6966091.6,10102030.24,23,110,55.9459,0.0643,0.003851664,704,1366,2203,70323.75374,70227.15814,12863.35,90090.09,9581.969188,6844.1939299999985,887.1,887.1
E143,***电子科技有限公司,0.292741144,0.222833748,34506824.31,94909686.68,38267350.73,108031148.4,3760526.42,13121461.67,135,51,123.1053,0.0398,0.011044088999999998,3579,1099,4864,9291.013546,82530.16232999999,566.04,84482.76,1012.527307,11409.96667,31.06,31.06
E144,***劳务有限公司,0.249004778,0.16846393,8869539.75,114203593.8,9572537.14,119989011.4,702997.39,5785417.62,44,115,122.6333,0.0432,0.01206536,2434,1245,3838,3579.3138619999995,83973.23075,306.11,97087.38,283.6954762000001,4253.983544,31.965,31.965
E145,***工贸有限公司,0.251658704,0.082649254,115379101.0,131309929.6,131756611.7,149797024.3,16377510.71,18487094.71,72,427,182.7027,0.0738,0.009875061,2916,3844,7259,38614.15695,30744.53983,5765.62,12792.46,5481.094615,4328.516673,338.9,338.9
E146,***基础建设工程有限公司,0.192810162,0.297790216,133970889.5,149589463.4,149726605.0,163246884.8,15755715.45,13657421.37,80,196,123.9459,0.0602,0.013338716,3170,1416,4862,41221.81216,92797.43388,431.535,91743.12,4847.912446,8472.345763,42.085,42.085
E147,***装饰工程有限责任公司,0.15314712,0.260252902,156710030.7,191687169.7,166213775.3,204141750.0,9503744.52,12454580.28,388,57,213.973,0.0562,0.021407684,5603,2314,8362,26157.57482,80846.54986,9707.77,91743.12,1586.336925,5252.8807590000015,291.26,291.26
E148,***商贸有限公司,0.016071451,0.060207297,30881079.54,84582580.79,32334860.69,88811723.29,1453781.15,4229142.5,35,11,21.6944,0.0589,0.014416077,511,270,827,56558.75374,301005.6256,1232.07,413036.19,2662.602839,15050.32918,69.39500000000001,69.39500000000001
E149,***建筑劳务有限公司,0.392179136,0.019900498,575370.73,108156680.0,646398.03,114646927.5,71027.3,6490247.51,8,79,42.1176,0.0608,0.02200623,285,1147,1519,1963.722628,88219.1517,382.08,97087.38,242.4139932,5293.839731,23.01,23.01
E150,***建设工程有限公司,0.025904533,0.148760365,85861470.5,125749897.2,91184363.57,135593170.2,5322893.07,9843272.94,111,54,99.4054,0.0449,0.015314947,3268,410,3843,25410.31977,271012.7096,7075.47,183745.11,1575.2864960000004,21213.9503,258.32,258.32
E151,***路桥工程有限公司,0.039028318,0.16835199,11591777.9,108301814.9,13363548.78,115197757.1,1771770.88,6895942.17,20,8,29.7097,0.0304,0.006721166,781,140,949,14471.63283,731769.0195,696.54,909090.91,2211.948664,46594.20385,67.88,67.88
E152,***运贸有限责任公司,0.612516587,0.16949005,6535665.04,121868548.5,6855625.11,128979021.7,319960.07,7110473.2,21,37,64.2973,0.0244,0.0053075480000000005,891,1488,2437,7166.299386,79913.80227999999,2859.225,92232.59,350.8334101000001,4662.605377000001,7.705,7.705
E153,个体经营E153 ,0.126671542,0.012991294,87916.36,303774351.3,93077.0,321041166.3,5160.64,17266815.01,0,75,10.6364,0.2137,0.144840789,71,280,426,1238.258592,855702.3979,262.14,951456.31,72.68507042,48638.91552,35.87,35.87
E154,***汽车销售服务有限公司,0.328659521,0.301133914,124867586.7,77819943.65,143705471.2,89615500.47,18837884.49,11795556.82,39,107,149.1,0.0326,0.007096418,2657,1816,4619,46315.87045,40467.98942,456.505,15589.74,6987.345879,6133.934904,47.62000000000001,47.620000000000005
E155,个体经营E155 ,0.119549901,0.061359867,76897608.05,81123588.06,88723231.36,93419477.17,11825623.31,12295889.11,19,38,57.72,0.0395,0.0048132,398,1045,1500,184406.7339,74906.36017,90265.49,81709.4,28358.8089,11353.54488,14684.29,14684.29
E156,个体经营E156 ,0.042049932000000005,0.052939469,2368742.03,181704624.8,2474566.62,188319810.3,105824.59,6615185.48,19,60,27.1111,0.0809,0.034028521,592,384,1055,3876.8282,409244.6504,262.14,266568.88,173.19900159999997,14899.0664,33.78,33.78
E157,***环境设备工程有限公司,0.235377732,0.078727197,53234392.13,73879241.95,58891818.91,79721099.05,5657426.78,5841857.1,81,81,64.5946,0.0678,0.005582632,1472,918,2552,34278.423780000005,73953.19515,9590.0,91743.12,3642.901983,5847.7048049999985,291.26,291.26
E158,***装饰工程有限公司,0.18648552,0.104825871,68765243.03,88255541.5,71364313.06,94602114.71,2599070.03,6346573.21,75,127,63.1613,0.1032,0.017882852,1099,859,2160,58573.46084,89508.66278,442.48,97087.38,2213.858629,6436.686826,41.38,41.38
E159,个体经营E159 ,0.00733527,0.147622305,71409409.23,107081029.7,75562967.54,116306571.5,4153558.31,9225541.75,212,20,134.4286,0.0493,0.009883846,4472,233,4937,15245.39053,423245.1767,486.75,357798.17,886.7545494999998,36464.5919,36.81,36.81
E160,***钢结构工程有限公司,0.849574591,0.238963516,156283767.3,268632343.4,176703273.0,300889859.9,20419505.67,32257516.5,139,563,190.7838,0.0994,0.052138056,4245,2814,7761,35648.66956,79547.62908,9647.95,97087.38,4657.733958,9552.12215,519.745,519.745
E161,***建筑劳务有限责任公司,0.033426727,0.010754561,1006152.97,185418128.1,1093306.56,192970317.4,87153.59,7552189.26,2,51,13.0811,0.1095,0.02784396,246,238,537,4057.068427,641585.2184,349.805,900900.9,351.4257661000001,26132.14277,21.9,21.9
E162,***网络信息安全有限公司,0.049298928,0.388126036,154638016.4,151881014.1,165921131.3,167532595.5,11283114.93,15651581.43,543,40,270.8158,0.0567,0.05478905,9820,471,10874,14922.128380000002,297223.1196,792.45,172413.79,1088.788471,30629.31787,33.12,33.12
E163,***物流有限公司,0.3551351,0.299206053,79306843.23,162018118.7,88027279.41,177865636.4,8720436.18,15847517.65,57,164,92.2105,0.0631,0.0125427,2576,928,3725,30120.33545,148368.2406,1056.03,96395.5,3311.977281,14512.3788,73.19,73.19
E164,个体经营E164 ,0.098369849,0.302054312,75124528.15,137340694.1,80537739.53,149947993.1,5413211.38,12607298.94,95,208,154.2222,0.0546,0.012879787,4099,1453,5855,17912.381530000002,82685.54733,407.77,91743.12,1290.703715,7590.185995999998,41.38,41.38
E165,***文化传媒股份有限公司,0.110090669,0.163327114,93996031.0,127033859.5,100636968.7,136461808.4,6640937.75,9427948.88,178,260,175.4865,0.0675,0.005593654,4147,2346,6931,21733.18636,48746.68438,1801.8,47802.275,1535.476936,3617.785449,83.45,83.45
E166,***建筑工程有限公司,0.721680847,0.011322554,3061344.28,88254916.24,3328444.28,92661081.39,267100.0,4406165.15,3,175,46.0294,0.1137,0.015644167,168,1397,1743,17902.598130000002,56141.80422000001,969.9,94339.62,1561.988304,2802.904039,63.86,63.86
E167,***体育文化股份有限公司,0.134516234,0.25969320100000004,144146037.2,128993405.4,164428352.9,148607794.5,20282315.73,19614389.09,227,337,316.5676,0.0482,0.008830758000000001,7071,4642,12277,19751.44384,25907.49254,1742.41,3066.66,2779.160829,3939.423396,128.82,128.82
E168,***建材有限公司,0.15235833699999998,0.8170501659999999,1361564.03,92960580.67,1481109.26,95854714.09,119545.23,2894133.42,0,16,28.6667,0.0186,0.003657752,461,399,876,2953.50115,224001.3992,1769.91,97069.59,259.3172017,6973.815470000001,230.09,230.09
E169,***建筑设计有限公司,0.080110758,0.41600539,82064674.98,121324097.4,86500387.51,128958531.4,4435712.53,7634434.03,225,80,195.1622,0.0422,0.013126771,5811,1410,7526,13595.87061,81425.56871,449.095,94339.62,734.8761647000001,5123.781228,44.41,44.41
E170,***建筑劳务有限公司,0.166079872,0.058310531,37180265.05,72664928.68,39422138.9,78853683.27,2241873.85,6188754.59,83,10,59.7941,0.0457,0.0026994690000000003,1247,786,2126,27955.0865,91287.59884,918.45,99999.08,1685.619436,7774.817324,45.52,45.52
E171,***质量检验测试站,0.228340311,0.068996683,46519647.0,114993909.9,48116353.19,121893568.9,1596706.19,6899658.97,100,495,232.5263,0.0673,0.005184613,1823,7013,9431,24191.18409,15316.18405,2582.53,4245.28,830.3204316,918.9742901,67.71,67.71
E172,***物流有限公司,0.15172772199999998,0.047914594000000005,41694217.52,80106407.84,46984839.33,87466567.61,5290621.81,7360159.77,7,102,44.1892,0.0667,0.005456796,464,1171,1744,88522.75482,62927.2646,86062.39,78883.64,11232.7427,5781.743731000001,8190.83,8190.83
E173,***贸易有限责任公司,0.08899278199999999,0.17901534,109307677.5,113654162.9,126423562.1,131633151.1,17115884.55,17978988.23,36,131,99.5676,0.0453,0.004356078,1314,2370,3851,80968.65004,45443.48774,29383.565,36503.4,12678.433,7188.719804,4395.68,4395.68
E174,***工程技术有限公司,0.07948835900000001,0.30950663300000003,81902319.65,98781528.68,93776582.35,114009013.6,11874262.7,15227484.9,80,101,101.9706,0.0522,0.003970847,2319,1148,3648,34140.1916,79088.49373999999,3565.52,95320.0,4949.671822,12191.74131,345.13,345.13
E175,***食品集团有限公司,0.09380559,0.379396766,86651291.8,80178532.2,98508078.32,92275089.24,11856786.52,12096557.04,162,314,202.6579,0.0618,0.012593129,3930,3771,8177,21175.78001,19627.54766,368.225,5615.39,2897.552913,2961.213474,41.38,41.38
E176,***科技有限公司,0.255251363,0.196102819,4444590.09,94930927.96,4955607.54,109512864.8,511017.45,14581936.88,66,232,134.1579,0.0585,0.003679852,3163,1935,5396,1376.460232,43807.53482,244.25,37931.03,158.2587334,6729.089469,18.29,18.29
E177,***电力工程有限公司,0.103811218,0.143157131,73382742.25,117027321.3,82214792.75,125946887.6,8832050.5,8919566.26,91,135,105.2973,0.058,0.016496582,3061,835,4122,23281.32686,120646.723,566.04,91743.12,2802.046478,9195.429134,42.395,42.394999999999996
E178,***贸易有限公司,0.030146295,0.05041874,82249313.65,85403234.39,94324491.04,98209284.0,12075177.39,12806049.61,7,97,36.5405,0.0769,0.008496435,333,1019,1456,241909.746,76526.19569,98803.42,97692.305,35515.22762,11474.95485,15976.55,15976.55
E179,***园林有限公司,0.05135305,0.144278607,42924992.91,65892517.72,44491493.63,71125607.37,1566500.72,5233089.65,125,87,73.4595,0.078,0.004365215,2000,718,2930,20199.99666,81854.05928,491.45,91743.12,737.1768093999998,6500.732484,40.68,40.68
E180,***电气有限公司,0.035244625,0.193919983,63916500.11,77909795.31,72772367.54,89889800.08,8855867.43,11980004.77,129,87,146.5263,0.0388,0.002857593,3545,2023,5784,17396.9788,36924.07361,373.305,19715.93,2410.41574,5677.727379,29.06,29.06
E181,***食品有限公司,0.3804562620000001,0.1252301,89398801.39,81241256.3,101114145.9,92523846.25,11715345.38,11282589.95,74,96,120.2432,0.0382,0.0041783490000000005,2974,1475,4619,29330.31542,51713.08485,4744.855,54595.64,3843.617251,7181.788637999999,374.805,374.80499999999995
E182,***新材料科技有限公司,0.069562842,0.082089552,74885411.6,79773755.94,86374145.59,92273953.36,11488733.99,12500197.42,26,29,54.6216,0.0272,0.003106302,972,1049,2076,75035.48257000001,74001.62888999999,5370.88,80744.36,11511.75751,11595.73045,290.475,290.475
E183,***建设工程有限公司,0.468728047,0.082089552,27232601.11,70112062.68,28933856.78,75037363.03,1701255.67,4925300.35,53,101,63.1081,0.066,0.003618611,1408,927,2489,18639.6996,68202.3956,566.04,90909.09,1164.446044,4791.1482,43.95,43.95
E184,***建筑装饰工程有限公司,0.14926688400000002,0.115128524,40141751.25,54253696.98,43944870.95,58784579.44,3803119.7,4530882.46,57,18,74.4571,0.0288,0.003185341,1967,639,2681,19832.88105,82577.92539,695.285,90909.09,1879.011709,6896.3203349999985,49.47,49.47
E185,***生态魔芋有限公司,0.214312711,0.018016169,710345.39,99018955.38,794404.14,104242424.8,84058.75,5223469.38,1,37,166.9394,0.0069,0.021942309,67,5442,5547,10446.25574,18072.45033,314.58,9800.0,1236.158088,953.3618142,29.06,29.06
E186,***建筑劳务有限公司,0.5320176,0.068269071,3352178.1,85401572.41,3577124.45,87907320.6,224946.35,2505748.19,48,25,57.5429,0.0362,0.009328264,941,1073,2087,3389.4621840000004,77779.20985,405.3,97087.38,227.4482811,2282.102177,39.12,39.12
E187,个体经营E187 ,0.01027061,0.0,78664400.22,79716010.74,84343888.69,86420691.28,5679488.47,6704680.54,186,160,148.4,0.0933,0.010329632,3694,16,4056,20274.32995,452931.8792,943.4,393942.865,1463.7856880000004,38094.7758,63.905,63.905
E188,***硬质合金有限公司,0.066231056,0.098897181,82017361.85,83851435.16,94552225.46,95281433.79,12534863.61,11429998.63,77,85,123.1622,0.0355,0.001937945,2484,2073,4719,32025.522,38856.08673,6066.0,29865.865,4894.519176,5296.570264,582.52,582.52
E189,***石油工程技术服务有限公司,0.115417007,0.180696517,34736944.38,52551885.77,38674288.51,56613206.24,3937344.13,4061320.47,65,35,106.5676,0.0254,0.002264578,3337,606,4043,10210.74203,81984.22117,489.625,90909.09,1157.36159,6335.91337,36.2,36.2
E190,***劳务有限公司,0.075881321,0.009179104,1575311.56,139049351.4,1731924.07,142858212.8,156612.51,3808861.38,6,57,12.9444,0.1352,0.017397024,122,344,529,12307.12156,346756.4873,477.18,97087.38,1223.535234,9498.407431,38.45,38.45
E191,***商贸有限责任公司,0.803303439,0.182375622,262069025.2,266725038.3,305415143.3,310837476.7,43346118.15,44112438.39,33,140,105.6216,0.0443,0.186092268,1177,2731,4081,216585.9712,92903.18296,9611.65,99520.44,35823.238139999994,15364.83399,734.925,734.925
E192,***建设工程有限公司,0.04245254,0.018913765,19350441.28,48982182.54,21081934.2,52143923.41,1731492.92,3161740.87,13,18,6.1481,0.1867,0.002124666,98,68,197,174328.2998,569560.2621,87333.89,635206.855,15599.03532,36764.42872,13192.73,13192.73
E193,个体经营E193 ,0.493217289,0.043509536,18247609.75,131228561.2,20873034.91,152114610.2,2625425.16,20886048.96,77,2234,878.2222,0.0731,0.0067571490000000005,1539,30077,33927,11291.83772,4061.420607,3250.035,620.69,1624.644282,646.4067643,364.42,364.41999999999996
E194,***文化传播有限公司,0.8096362970000001,0.247927032,11580654.43,96527741.4,12679006.83,96597689.7,1098352.4,69948.3,92,688,465.0,0.0493,0.004525299,4757,11053,16590,2388.256224,8221.424189,224.14,1800.0,226.5111157,5.957610084,13.43,13.43
E195,***医药有限公司,0.18725787,0.075366915,79591315.72,114988186.9,91606199.94,133288571.5,12014884.22,18300384.65,69,231,186.2973,0.0435,0.005151704,2267,4626,7193,34071.62488,23674.73479,1255.845,8391.45,5143.357971,3767.8370700000014,61.77,61.77
E196,***地质制图印刷厂,0.115246515,0.096272803,43110621.53,79486461.52,49756082.23,91336051.16,6645460.7,11849589.64,50,207,107.6579,0.0628,0.003691551,1336,2755,4348,31104.34454,26835.40227,9914.53,14436.645,4794.70469,4000.536678,1572.485,1572.4850000000001
E197,***医疗设备有限公司,0.203358079,0.271094527,105724751.8,193302373.3,121139847.3,222334279.2,15415095.41,29031905.82,160,269,305.8529,0.0413,0.041267679,6349,4050,10828,16242.85633,44756.28,398.23,38053.09,2368.273991,6721.904565999998,29.06,29.06
E198,***商贸有限公司,0.14671361,0.046233416,60048399.99,64670385.05,68817011.42,74254082.66,8768611.43,9583697.61,38,81,49.6486,0.0648,0.00752177,1109,728,1956,52352.57192,79938.67126,27610.62,99145.3,7644.8225200000015,11846.35057,3623.91,3623.91
E199,***建筑劳务有限公司,0.495043404,0.011838723,195622.39,60740237.61,207318.84,63373807.71,11696.45,2633570.1,1,12,37.1739,0.0152,0.02087592,47,808,868,4075.466458,74073.4605,522.815,97087.38,243.6760417,3211.670854,18.29,18.29
E200,个体经营E200 ,0.06923623599999999,0.11433665,49260322.06,51539738.26,56717554.86,59431806.45,7457232.8,7892068.19,37,49,49.0278,0.0487,0.00218924,1201,564,1851,39790.24399,84077.87644,9708.74,95811.97,6023.612924,12874.49949,1481.76,1481.76
E201,***物流有限责任公司,0.070117455,0.027385987,41045173.59,54816986.06,45868205.87,60059367.22,4823032.28,5242381.16,17,123,41.8108,0.0905,0.005228951,463,1084,1687,85510.77831000001,45415.89566,3774.63,36149.54,10047.98392,4343.314963000002,381.71,381.71
E202,个体经营E202 ,0.6713117209999999,0.024778192,11862917.5,100189263.2,13046254.83,107795222.8,1183337.33,7605959.61,40,10,40.5556,0.0342,0.0061031290000000005,364,1096,1510,29363.65718,90587.03724,9285.395,90909.09,2929.052797,6876.997839,1017.38,1017.38
E203,***建设工程有限公司,0.163483462,0.035752488,27132070.23,49131454.9,29094055.48,53382035.39,1961985.25,4250580.49,65,59,47.7778,0.0721,0.001909595,1142,578,1844,22478.93143,77129.44254,528.16,90909.09,1625.505592,6672.810815999998,24.4,24.4
E204,***科技发展有限公司,0.051796740999999986,0.207027363,64686579.77,113747296.0,74009428.93,128264629.4,9322849.16,14517333.4,188,341,172.1081,0.0831,0.007696969,5029,1339,6897,12399.19106,67706.72382,430.1,85470.09,1787.0134480000004,8641.269881,36.73,36.73
E205,个体经营E205 ,0.101223024,0.037560116,28399023.94,77308581.51,32627192.5,89562784.7,4228168.56,12254203.19,14,41,30.6667,0.0498,0.002671184,137,967,1159,188073.0062,76695.02133999999,91858.41,84934.77,28001.11629,12156.94761,13149.57,13149.57
E206,***建设工程有限公司,0.201234117,0.24736733,79471138.81,101248381.9,84180655.88,108567675.6,4709517.07,7319293.67,122,50,120.8108,0.0385,0.013043917,3557,913,4642,21601.28807,105138.5067,391.26,90909.09,1280.107929,7600.512637999998,34.51,34.51
E207,个体经营E207 ,0.663608764,0.991521559,74116944.98,125998170.5,78899648.18,134829445.5,4782703.2,8831274.98,88,65,134.0286,0.0326,0.018007314,3298,1393,4844,21889.2336,86418.4983,9854.37,91743.12,1412.493562,6057.115898,297.96,297.96
E208,个体经营E208 ,0.053113433,0.236985904,76513383.02,86141653.79,88566176.52,99796695.1,12052793.5,13655041.31,13,131,51.6667,0.0774,0.003437348,963,897,2004,78394.85965,83795.38306000001,99997.17,88497.48,12349.17367,13283.11411,15999.56,15999.56
E209,***工程检测有限公司,0.036680457,0.859172886,47456584.45,76481246.4,49994617.07,81101521.49,2538032.62,4620275.09,232,252,252.7297,0.0518,0.003782331,8128,1223,9835,5676.624934,51851.69247,266.83,51886.79,303.5924187,3132.389892,29.06,29.06
E210,***建筑工程有限公司,0.568535781,0.08653192400000001,6061446.81,57374441.38,6410930.29,59101178.81,349483.48,1726737.43,14,40,36.4333,0.0494,0.006128505,536,557,1147,11020.81238,96104.59193,1048.22,99029.13,635.4245091,2892.357504,55.1,55.099999999999994
E211,个体经营E211 ,0.08467501699999999,0.044332504,22086364.23,52545122.68,22785978.89,55697230.36,699614.66,3152107.68,15,166,52.0278,0.0966,0.002203719,403,1470,2054,52838.19194,32118.04565,7689.845,27687.12,1673.719282,1926.716186,421.265,421.265
E212,***建电管理咨询有限公司,0.139571428,0.025619818,163391.77,87757513.77,173443.54,93022966.06,10051.77,5265452.29,5,184,42.8947,0.116,0.010555964,133,1497,1819,1183.998333,52205.54061,172.41,51886.79,72.83891304,3132.333308,13.89,13.89
E213,***科技有限公司,0.060680818,0.07424543900000001,48069995.61,63599401.7,54216903.17,71994308.32,6146907.56,8394906.62,89,122,87.8649,0.0649,0.001261538,2103,1148,3462,21929.74252,50078.26906000001,372.26,52222.22,2804.24615,6610.162693,25.865,25.865000000000002
E214,***建筑工程有限公司,0.036253199,0.045812604000000014,39017257.85,77915163.2,41048763.62,84470605.98,2031505.77,6555442.78,47,155,37.973,0.1438,0.006544751,692,713,1607,52797.37192,89764.0129,26620.0,90090.09,2748.992923,7552.353433,1181.94,1181.94
E215,***建筑工程有限公司,0.320118482,0.025704809,219012.23,72680138.18,241742.21,75090153.46,22729.98,2410015.28,4,77,33.1429,0.0873,0.017819691000000002,172,756,1009,1244.3876699999996,87251.06624,460.17,97087.38,129.1476136,2893.175606,45.77,45.77
E216,***建设工程有限公司,0.135315287,0.344852819,36643205.16,66280345.17,39816337.18,72774101.3,3173132.02,6493756.13,105,89,108.7838,0.0482,0.004581942,3340,685,4219,10636.6343,85633.52089,310.68,90909.09,921.0833149,8389.865801,28.77,28.77
E217,个体经营E217 ,0.080932407,0.0,57133448.17,56054626.31,66068608.95,64872515.95,8935160.78,8817889.64,12,715,9.44,3.0805,0.002015359,202,34,963,266978.7298,74839.28746,98290.6,83327.43,41753.08776,11772.88336,15737.93,15737.93
E218,***建设工程有限公司,0.045069491,0.097636816,44249289.04,49421441.88,47249286.64,53594027.92,2999997.6,4172586.04,78,95,32.3056,0.1488,0.011035426,1026,137,1336,40080.87775,213023.4564,2093.4,91743.12,2717.38913,17985.28466,92.225,92.225
E219,***品牌营销策划有限公司,0.048614906,0.514533582,38595183.03,43189106.97,43391511.6,48739473.99,4796328.57,5550367.02,156,132,133.0556,0.0601,0.001484255,4299,491,5078,8663.340747,69324.40926,539.82,94339.62,1076.6169630000004,8909.09634,36.06,36.06
E220,***文化传播有限公司,0.299402661,0.227197347,59269632.83,84697140.63,62735915.33,89778971.22,3466282.5,5081830.59,230,64,187.5946,0.0424,0.004161093,5708,1233,7235,9981.41341,65302.34436,732.53,94339.62,583.7457897999999,3918.142321,40.75,40.75
E221,***测绘服务有限公司,0.041228283,0.397323798,35204892.69,48279754.26,35864695.03,51176540.71,659802.34,2896786.45,65,42,175.2069,0.0211,0.003468861,4429,652,5188,7833.754493,69567.36925,258.62,94339.62,146.8185002,4174.043876,20.83,20.83
E222,***数码科技有限公司,0.075669746,0.20590796,59109098.3,74360114.78,65028385.36,82186269.38,5919287.06,7826154.6,303,353,144.5405,0.1227,0.008371898000000001,4325,1023,6004,12772.061000000003,54040.78109,776.28,68740.01,1279.016219,5687.612354999998,51.555,51.555
E223,***科技有限公司,0.237191522,0.184647595,41447457.09,35253500.91,46843355.01,39926668.93,5395897.92,4673168.02,119,52,156.9474,0.0573,0.004390187,2505,477,3153,15795.52481,66641.77866,969.9,85055.17,2056.363537,8833.966011,67.375,67.375
E224,***纸业有限公司,0.13784802,0.056878109,109426362.4,97216339.66,127000089.1,112960981.5,17573726.65,15744641.87,36,17,49.5405,0.0289,0.006614769,723,1110,1886,144171.7555,86261.17095,93436.07,95000.0,23153.79005,13970.40095,15169.23,15169.23
E225,***物业服务有限责任公司***分公司,0.252007904,0.209740879,46285074.09,74690363.12,50907230.84,81329979.53,4622156.75,6639616.41,159,557,328.6316,0.0573,0.002497773,4173,8315,13204,10684.45847,8418.661306999997,569.415,2158.87,1066.979859,748.3787658,27.545,27.545
E226,***建设工程有限公司,0.215682811,0.042574627,48120632.77,47436184.62,54102736.22,52320968.33,5982103.45,4884783.71,25,38,42.7222,0.041,0.003688665,1022,516,1601,45960.48975,85624.88199,5982.91,94006.02,5713.565855,8817.299116,110.68,110.68
E227,***安全技术有限公司,0.042140313,0.16558457699999998,55173195.87,59055735.01,60289907.18,63841990.03,5116711.31,4786255.02,164,55,96.25,0.0632,0.00213889,2778,687,3684,18753.63558,79589.93937000001,9320.39,91743.12,1739.194871,6450.478464,291.26,291.26
E228,***文化发展有限公司,0.045689836,0.082649254,31541319.54,72894641.7,34694993.84,77745920.05,3153674.3,4851278.35,78,183,98.8649,0.0714,0.001548381,2665,993,3919,11498.84052,61985.23954,867.26,94339.62,1149.717207,4125.236692,48.35,48.35
E229,***家贸易有限公司,0.308839298,0.097777778,58249046.95,60425665.06,66691166.46,70030093.58,8442119.51,9604428.52,51,89,63.3243,0.0598,0.000997893,1570,773,2483,35934.02033,70099.37942000001,17094.02,89909.93,5207.970086,11142.02845,2317.08,2317.08
E230,***建筑劳务有限公司,0.058361714,0.02069859,120798.96,55180579.27,125835.73,56317526.22,5036.77,1136946.95,1,84,18.75,0.1259,0.005094729,83,592,760,1438.082857,81628.07583999999,248.29,97087.38,59.96154762,1681.874186,33.31,33.31
E231,***建筑科技有限公司,0.13060724,0.048115672000000005,37263787.7,36644093.79,39165390.09,39586992.76,1901602.39,2942898.97,14,38,29.1944,0.0495,0.005143464,681,370,1103,53616.96072,89813.95537000003,3758.55,91743.12,2736.118547,7212.987672,261.34,261.34
E232,***投资发展有限责任公司,0.096087719,0.184647595,35751355.99,48642121.47,38124576.6,51560648.66,2373220.61,2918527.19,46,5,23.5526,0.057,0.019914637,782,113,946,43177.96617,412221.3684,13951.08,403036.815,2866.208466,24733.28127,591.75,591.75
E233,***劳务有限公司,0.436157888,0.08527777800000001,411349.78,20482693.78,445232.75,21948303.54,33882.97,1465609.76,9,15,36.1923,0.0255,0.002031151,718,223,965,565.8181293,86061.73857,216.81,99902.91,46.60656121,6158.024202000001,23.01,23.01
E234,***机电设备商贸有限公司,0.01919577,0.087808872,4628685.81,41628220.71,5091339.58,47744736.37,462653.77,6116515.66,27,24,51.6897,0.034,0.001801899,919,580,1550,4892.902548,68920.89522,353.775,76551.72,489.0631818,10126.68156,17.18,17.18
E235,个体经营E235 ,0.060742442,0.039915008,14484399.33,42437893.73,16683444.8,48923044.34,2199045.47,6485150.61,19,70,43.9143,0.0579,0.001313116,593,944,1626,23667.31917,41851.9662,2133.525,26423.9,3593.211552,6395.6120409999985,193.325,193.325
E236,个体经营E236 ,0.157345746,0.024189469,5127452.93,58727839.05,5474858.83,63054237.77,347405.9,4326398.72,7,149,20.4286,0.2182,0.004952812,197,518,871,25134.57319,88047.73471,8964.6,97087.38,1702.970098,6486.354903,291.26,291.26
E237,个体经营E237 ,0.163742282,0.220288143,18554833.98,23816220.67,20229330.72,26050173.76,1674496.74,2233953.09,37,74,78.5556,0.0523,0.0016009879999999998,1900,221,2232,9579.160547,80732.95142,248.72,91743.12,864.4794734,7572.722339,24.83,24.83
E238,个体经营E238 ,0.372252098,0.247927032,17320509.2,61021162.14,18540398.61,64682437.8,1219889.41,3661275.66,91,828,418.4444,0.061,0.001530967,3808,11256,15983,4442.295255,5049.748605,319.42,5660.38,312.8723801000001,302.9854071000001,24.93,24.93
E239,个体经营E239 ,0.045874707,0.05598466,29809545.46,29748471.6,33790164.28,34013323.63,3980618.82,4264852.03,12,42,24.9259,0.0802,0.002309946,367,306,727,78653.15425,85484.11379,94964.6,94017.09,10502.95203,12255.32193,11504.42,11504.42
E240,个体经营E240 ,0.114872665,0.0,31927992.42,100803017.2,33528584.97,103827107.6,1600592.55,3024090.49,37,104,44.2,0.1276,0.016608979,1085,20,1246,28456.32123,812927.5577,1026.695,970873.78,1426.553075,24387.82653,64.22,64.22
E241,个体经营E241 ,0.256422212,0.027048093,6214223.24,41516679.66,7033559.46,48002034.2,819336.22,6485354.54,12,73,31.5556,0.0748,0.00067689,415,721,1221,14553.216019999998,52288.00965,5300.0,58946.09,1918.820187,8167.952820999999,528.12,528.12
E242,个体经营E242 ,0.103587319,0.0,18989106.07,20514865.4,21461769.34,23424327.42,2472663.27,2909462.02,10,245,20.84,0.4894,0.000536334,503,18,776,37015.80131,78003.29049,603.45,97363.43,4820.006374000001,11062.59323,66.27,66.27
E243,***科技有限公司,0.097630365,0.127945688,4675356.5,33316242.21,4984217.41,38502295.98,308860.91,5186053.77,16,34,39.9412,0.0368,0.000454138,681,677,1408,6707.828551,46858.28722,7692.31,43481.82,443.1289957,7294.027806,291.26,291.26
E244,个体经营E244 ,0.17348087399999998,0.230652985,15304252.34,42312419.37,17658201.12,47712722.91,2353948.78,5400303.54,46,93,43.0,0.0898,0.001622057,1105,443,1687,13296.48335,78941.08091,293.1,94124.7,2045.133606,10075.19317,41.39,41.39
E245,***建筑劳务有限公司,0.082912581,0.056523632,133044.08,28103247.33,148196.79,28946344.35,15152.71,843097.02,1,44,19.1,0.0785,0.001095314,264,309,618,502.0531321,79612.59867,264.15,97087.38,57.18003774,2388.376827,41.42,41.42
E246,***物业服务有限公司,0.107313496,0.07473466,6926579.76,34439407.42,7537629.84,36522494.11,611050.08,2083086.69,70,80,55.3243,0.0733,0.000354728,1298,749,2197,5063.289298,41543.31414,458.37,40253.78,446.6740351,2512.770434,28.25,28.25
E247,***石化有限公司,0.123475328,0.06245024900000001,12934533.74,23173305.38,14516811.52,26623283.67,1582277.78,3449978.29,28,26,32.8421,0.0433,0.000486821,915,333,1302,13716.36664,64549.59716000001,802.91,75641.03,1677.919173,9609.967382,42.07,42.07
E248,***智能科技有限公司,0.033893013,0.143718905,15028468.43,23892158.75,16397389.64,25611083.31,1368921.21,1718924.56,45,52,49.1622,0.0533,0.000372063,1466,353,1916,9946.041317,58992.98457000001,1206.79,81218.87,905.9703574,4244.258172999998,82.76,82.76
E249,***建筑工程有限公司,0.864411515,0.086235489,38042664.28,52006999.17,39475353.35,53819131.21,1432689.07,1812132.04,99,2,31.1429,0.0927,0.0067052940000000005,620,470,1191,52910.52056,110184.3203,1379.3,97087.38,1992.613449,3839.262797,151.73,151.73
E250,***塑料厂,0.038488084,0.035174129,9069515.16,37982115.9,10074201.74,43831992.5,1004686.58,5849876.6,12,118,28.6053,0.1196,0.000551893,427,660,1217,20659.48784,48820.20039,650.49,50892.63,2288.579909,7519.121594,56.95,56.95
E251,***医疗器械有限责任公司,0.079217215,0.069651741,10331350.77,15604489.51,11493688.72,17683830.3,1162337.95,2079340.79,102,41,49.3636,0.0878,0.000500482,1355,274,1772,7090.837865,49538.06194,848.11,64911.2,797.7611187000001,6601.081873,56.55,56.55
E252,***印务有限公司,0.059014925,0.064160448,28577586.36,40716504.22,33000457.51,46481057.82,4422871.15,5764553.6,53,24,38.4324,0.0541,0.000968236,905,517,1499,29830.46593,75261.56048,9634.32,71551.72,4616.7757310000015,10655.3671,1488.62,1488.62
E253,***钢结构工程有限公司,0.012209701000000002,0.064500415,19170361.85,28421904.55,20780744.33,30372714.34,1610382.48,1950809.79,41,63,40.9189,0.0687,0.000572238,1196,318,1618,15497.4631,74598.17467000001,1724.14,90909.09,1301.845174,5120.235669,137.93,137.93
E254,***设备安装工程有限公司,0.122437996,0.043592454,3911129.35,39862515.02,4414013.58,41058390.22,502884.23,1195875.2,1,37,19.7714,0.0549,0.0012020960000000002,236,456,730,16502.65549,80857.02844,235.34,97087.38,2121.874388,2425.710345,32.21,32.21
E255,个体经营E255 ,0.236585556,0.09733209,12983561.81,40600085.48,14814742.62,47061335.96,1831180.81,6461250.48,46,40,53.6111,0.0446,0.001246187,1331,599,2016,9428.875679,63536.90998,437.74,85377.76,1329.833558,10111.5031,24.99,24.99
E256,***物资有限公司,0.026259896,0.014859038,10665471.29,30626073.1,12387855.69,35441964.09,1722384.4,4815890.99,10,27,31.4054,0.0318,0.000274671,270,892,1199,38090.96889,33325.43319,32343.29,21935.09,6151.372857,5240.360163,5147.625,5147.625
E257,***门窗安装有限公司,0.039028318,0.021973466,15941749.44,27089836.57,18414314.82,30264821.31,2472565.38,3174984.74,15,44,21.0968,0.0902,0.000472866,337,317,713,45289.06091,75041.09852999999,9708.74,86206.9,7024.333466,8794.971579000001,761.005,761.005
E258,***国际货运有限公司,0.174166951,0.137186982,16199633.52,72438229.49,16696430.29,76249111.89,496796.77,3810882.4,85,115,121.3947,0.0434,0.00169537,2233,2380,4813,6988.625332,29033.35851,865.315,10880.0,214.3212985,1527.407776,28.98,28.98
E259,***文化传媒有限公司,0.018487098,0.060238391,20448904.79,34583151.33,21874328.55,36658140.56,1425423.76,2074989.23,141,111,81.8378,0.0832,0.00051193,2321,707,3280,8305.810232,42277.69111,3894.58,39622.64,578.9698457000002,2536.66165,238.1,238.1
E260,***广告有限公司,0.076224359,0.046793118,18649407.05,25073876.24,21248226.24,28618310.07,2598819.19,3544433.83,22,183,74.2703,0.0746,0.0008409530000000001,1343,1405,2953,13662.569269999998,15789.59461,1941.75,5953.73,1903.896842,2232.0112280000008,143.59,143.59
E261,***医疗器械有限公司,0.091769955,0.063041045,9114682.79,18464469.51,10411808.44,21249772.85,1297125.65,2785303.34,48,181,73.1081,0.0847,0.00013340799999999998,1338,1367,2934,6576.250209000002,11927.95188,300.97,6695.4,935.8770924,1799.291563,17.985,17.985
E262,个体经营E262 ,0.079426736,0.028969735,16726775.35,25601171.61,19205985.73,29507961.34,2479210.38,3906789.73,9,36,28.7059,0.0461,0.001003776,320,656,1021,50841.26246000001,36995.91273,52307.69,14587.625,7535.593859999999,5645.649899,8204.03,8204.03
E263,***通信工程有限公司,0.100080932,0.033907546000000004,14499399.98,31429666.33,15202551.46,34142751.14,703151.48,2713084.81,6,92,24.1622,0.1096,0.001677369,490,404,992,29232.66125,63366.26276000001,517.845,90000.0,1417.644113,5469.929052,31.775,31.775
E264,个体经营E264 ,0.232830621,0.0,29373293.12,27436935.29,33839771.49,31861077.92,4466478.37,4424142.63,108,399,61.04,0.3322,0.001341328,1502,24,2033,18244.28144,64862.73118,970.87,85377.76,2774.210168,10458.96603,55.175,55.175
E265,***净化工程有限公司,0.038387432,0.122920813,25205034.4,26643447.98,27602486.93,29544959.07,2397452.53,2901511.09,67,74,71.7879,0.0595,0.000920506,1968,401,2510,12385.76629,56091.46943,383.62,81719.64,1178.109351,6108.4444,36.23,36.23
E266,***煤矿机械有限公司,0.260579755,0.018072139,1394024.46,28668930.79,1516008.42,33182228.24,121983.96,4513297.45,6,34,20.5278,0.0541,0.000409541,289,450,779,4725.506644,59233.32807999999,416.38,63512.485,413.5049492,9324.994731,52.35,52.35
E267,***林园艺场,0.109455945,0.061359867,1044366.57,19823590.68,1052678.0,20098739.67,8311.43,275148.99,3,25,20.5789,0.0716,0.00064723,189,202,419,5439.409219,87328.5933,280.09,98172.48,43.28869792,1212.110088,23.01,23.01
E268,***建筑劳务有限公司,0.136132828,0.015116086,6065353.02,26646588.71,6246728.0,28162725.9,181374.98,1516137.19,5,18,14.2222,0.0599,0.001847522,42,342,407,129050.0643,74018.30197,97087.38,91743.12,3859.042128,4211.492194,2912.62,2912.62
E269,***节能服务有限公司,0.055461294,0.027502073,938200.37,33731837.92,1037904.25,38735236.86,99703.88,5003398.94,1,29,10.0833,0.0826,0.0016606429999999998,169,194,393,5518.825706000001,151263.8472,377.555,80649.0,586.4934118,22436.76655,45.435,45.435
E270,个体经营E270 ,0.094427989,0.08611940300000001,5949670.39,25069945.61,6839559.01,28833281.19,889888.62,3763335.58,13,80,24.5278,0.1053,0.000474932,548,335,976,10605.47307,60409.50749,2521.37,73134.74,1586.254225,9068.278506,188.89,188.89
E271,***科技有限公司,0.040139598,0.05967869,27974038.69,44559301.53,32240745.55,51706364.31,4266706.86,7147062.78,60,117,56.1622,0.0852,0.00143492,1638,440,2255,16474.69888,79998.74601,873.22,13415.93,2512.783781,12831.35149,82.24000000000002,82.24000000000001
E272,个体经营E272 ,0.065846935,0.046965174000000005,4744955.21,15338019.07,5174203.78,17673628.34,429248.57,2335609.27,38,53,47.5,0.0532,0.000207124,1168,542,1801,3934.457056,25778.18331,427.265,9734.51,355.9275041,3925.393731,26.475,26.475
E273,个体经营E273 ,0.024943204,0.107108209,11099818.34,23279088.47,11674762.05,24109874.77,574943.71,830786.3,86,85,269.1714,0.0182,0.000161032,1460,7961,9592,7179.701384,2893.249872,424.27,2425.24,371.8911449,103.2545737,37.66,37.66
E274,***建筑劳务有限公司,0.044506662,0.005093284,35569.07,13082080.71,36788.0,13474542.94,1218.93,392462.23,0,18,8.7059,0.1216,0.000507776,12,136,166,2964.089167,84948.57604,404.855,97087.38,101.5775,2548.456039,14.13,14.129999999999999
E275,***网络工程有限公司,0.035402792999999995,0.04611733,1798930.56,26007353.71,1992109.26,27972234.18,193178.7,1964880.47,15,84,18.9737,0.1373,0.000677608,364,357,820,4746.518628,58973.59118,453.42,90090.09,509.7063325,4455.51127,31.72,31.72
E276,***体育设施工程有限公司,0.034098425,0.16306384699999998,4588551.92,13770756.15,4858935.72,14925323.35,270383.8,1154567.2,18,43,34.0286,0.0512,0.000234717,1022,169,1252,4412.069154,64956.39693,256.64,87172.0,259.9844231,5446.071698,27.59,27.59
E277,***消防设备制造有限公司,0.129409686,0.019253731,13097272.28,19215511.45,14774055.52,22226042.16,1676783.24,3010530.71,15,17,17.9062,0.0558,0.000115063,319,254,605,39213.39006000001,70905.94631,19444.445,87236.2,5020.309102,11108.96941,2313.755,2313.755
E278,***贸易有限公司,0.028757708,0.020476783,12223455.88,13924052.79,14051715.5,16014397.56,1828259.62,2090344.77,16,16,16.0789,0.0524,0.00017004900000000002,389,222,643,30181.37254,58504.42349,9923.89,62630.07,4514.221284,8782.961218,1397.49,1397.49
E279,***环保包装有限公司,0.285522959,0.0585966,17530317.09,24165571.24,19760064.37,24534413.91,2229747.28,368842.67,19,26,36.6667,0.0409,0.000270608,600,500,1145,28320.38302,45942.15065,11183.96,39856.72,3602.176543,701.2218061000002,1173.45,1173.45
E280,个体经营E280 ,0.016776014,0.042060531,12356612.93,18525755.86,14262881.9,21411478.96,1906268.97,2885723.1,11,39,30.3611,0.0457,0.00014675,544,549,1143,22264.16744,31506.38752,1580.57,21632.01,3434.718865,4907.692347,94.83,94.83
E281,***商业管理有限责任公司,0.081977955,0.058310531,20311580.87,17397813.19,22312967.97,18941403.12,2001387.1,1543589.93,60,30,45.6765,0.058,0.00016391599999999998,1002,551,1643,19125.78236,29944.60102,2189.32,16778.76,1884.545292,2656.781291,42.34,42.34
E282,***影城有限公司***分公司,0.317415257,0.117002488,12752687.29,22105244.31,13712111.96,23133750.08,959424.67,1028505.77,43,752,71.3421,0.2932,0.000131116,752,1959,3506,16041.11609,8153.907897,1839.6,1359.22,1206.823484,379.3824308,119.21,119.21
E283,***机械铸造有限责任公司,0.037362425,0.038389303,15948308.76,20162181.76,18229904.45,23292230.14,2281595.69,3130048.38,27,8,23.5946,0.0401,0.000166356,582,291,908,26187.69911,67432.04602000001,9957.26,72955.56,3746.462545,10468.38923,1612.82,1612.82
E284,***成焊科技有限公司,0.07400385400000001,0.072815091,11567591.1,16914190.47,13172774.19,19501078.5,1605183.09,2586888.03,51,37,37.7895,0.0613,0.000106302,1007,429,1524,10933.45095,36296.54607,3649.06,29159.85,1517.186285,5551.261867,446.96,446.96000000000004
E285,个体经营E285 ,0.061280622,0.046388889,18425708.23,34277356.54,21135545.08,38565998.72,2709836.85,4288642.18,42,106,33.0,0.1246,0.002116468,730,458,1336,23867.49771,60775.45486000001,647.085,78274.78,3510.1513600000008,7603.975495999999,57.52,57.52
E286,***印务有限公司,0.045279011,0.023356136,11789776.2,15723620.89,13460417.26,17966574.57,1670641.06,2242953.68,15,59,20.375,0.1513,0.000731558,290,199,563,38655.00393,60944.26702000001,16116.81,71033.935,5477.511672,8693.618915000001,2151.33,2151.33
E287,***鞋材有限公司,0.029589628,0.021581675,15675028.71,17395806.73,18107475.92,20086444.5,2432447.21,2690637.77,40,42,18.6216,0.119,0.000126358,422,267,771,33928.63357,56297.10916,22566.37,58672.57,5265.037251,8707.565599,3599.4300000000007,3599.4300000000003
E288,个体经营E288 ,0.047119505,0.03327529,13539563.28,20520716.73,15577566.2,23785610.21,2038002.92,3264893.48,7,68,23.9706,0.092,0.00030275,575,240,890,23263.85443,66625.70367,2441.68,76250.935,3501.72323,10600.30351,294.235,294.235
E289,***运业有限公司***分公司,0.079556145,0.802719735,7709851.52,21929616.12,8418983.58,22587504.51,709132.06,657888.39,28,112,128.2632,0.0287,0.000112577,3307,1567,5014,2311.799556,13061.1174,788.31,3398.06,212.63330130000003,391.8334663,77.08,77.08
E290,***机电有限公司,0.081222038,0.039539801,5400612.36,19806876.59,6206390.55,22739348.88,805778.19,2932472.29,12,137,48.6053,0.0807,0.000234103,859,988,1996,6200.473433,17606.11252,485.44,5623.93,925.118473,2606.642036,37.96,37.96
E291,***文业建设工程有限公司,0.316334789,0.067079187,18173601.71,11725173.72,20194632.77,13578727.72,2021031.06,1853554.0,21,33,16.7,0.1078,0.003624493,372,129,555,46243.26135,72377.61556,4568.97,96917.93,5142.572672,11441.69136,174.76,174.76
E292,***物流有限公司,0.274317723,0.019291045,6931707.57,11934748.02,7591626.1,12825713.18,659918.53,890965.16,12,39,47.0882,0.0319,8.56e-05,323,1278,1652,20691.66439,9062.07139,7883.78,9433.96,1969.9060600000007,676.5111314,373.0,373.0
E293,***物资有限公司,0.037362425,0.010887231,8484984.81,8467076.68,9689960.55,9719701.47,1204975.74,1252624.79,3,10,4.4054,0.0798,0.000305938,56,107,176,143813.3019,72368.17675,34983.33,87619.78,20423.31763,10706.19479,5106.84,5106.84
E294,个体经营E294 ,0.025904533,0.087618159,4431878.9,26386441.13,4950539.76,30514385.91,518660.86,4127944.78,22,49,32.0833,0.0615,0.000492791,845,310,1226,5111.740369,73499.83602,270.87,84203.54,598.224752,11498.45343,26.44,26.44
E295,***电器设备制造有限公司,0.016619901,0.085451907,12038499.63,16926303.17,13847235.54,19550718.83,1808735.91,2624415.66,36,45,27.6757,0.0791,0.000218988,818,206,1105,14096.60378,67435.4708,468.145,79219.64,2117.95774,10455.83928,63.58,63.58
E296,***装饰设计工程有限公司,0.129409686,0.126511194,7417597.55,14552084.56,7900388.49,15526530.54,482790.94,974445.98,98,33,55.5,0.0787,0.000239608,1446,219,1796,4804.143491,57746.3673,308.68,91743.12,312.68843260000006,3866.849127,27.59,27.59
E297,***建筑机械租赁有限公司,0.17254624899999998,0.050196932,10296967.85,15164690.59,11818960.0,17431786.0,1521992.15,2267095.41,0,21,11.7778,0.0991,0.000363906,50,162,233,205939.357,82867.16169,170912.715,86062.93,30439.843,12388.49951,26971.765,26971.765
E298,***电器维护服务有限公司,0.593101026,0.085791874,5549598.92,18477734.37,5833585.61,19077459.53,283986.69,599725.16,7,377,87.8421,0.115,0.000105734,902,2436,3722,6105.169329,6568.693342000001,7966.01,9707.77,312.41660069999995,213.1977106,291.26,291.26
E299,***压缩天然气有限责任公司,0.06875968,0.061905058,24607361.84,22728778.84,27291493.04,25253697.9,2684131.2,2524919.06,22,50,28.0263,0.0676,0.000603984,570,495,1137,41566.48959,41704.18136,576.695,916.51,4534.005405,4632.879009,35.69,35.69
E300,***建设工程有限公司,0.067786026,0.05069859,15336850.32,20160531.34,16785343.35,22024690.67,1448493.03,1864159.33,24,23,27.7143,0.0485,0.002058287,747,223,1017,19892.15346,81953.37943,2106.91,91743.12,1878.719883,7577.883455,146.04,146.04
E301,***企业管理咨询有限公司,0.053528365,0.109334577,4280030.13,16560677.89,4493948.18,17445052.73,213918.05,884374.84,58,30,94.4167,0.0259,0.000235843,2971,428,3487,1413.01754,36158.68535,235.04,20292.28,70.62332453,1930.949432,15.55,15.55
E302,***机电设备有限公司,0.021911319,0.070634328,3958150.84,10390309.47,4427564.35,11922876.11,469413.51,1532566.64,56,28,30.5263,0.0724,8.47e-05,899,261,1244,4144.660565,35952.62792,282.1,22991.45,491.5324712,5302.998754,22.53,22.53
E303,***图书发行有限公司,0.030314733,0.227806799,2821480.74,16804081.51,3170500.49,16884954.4,349019.75,80872.89,11,45,26.2368,0.0562,0.000128557,682,315,1053,4071.400779,46678.00419,306.9,49149.595,503.6360029,224.6469167,31.72,31.72
E304,***环保科技有限公司,0.035696532,0.08321102799999999,17261816.18,9883187.26,19542687.27,11369292.98,2280871.09,1486105.72,19,78,41.5946,0.063,0.00022728,588,951,1636,28437.91792,9604.652342,5660.38,7692.3,3757.612998,1444.223246,518.32,518.32
E305,***劳务有限公司,0.122772818,0.021053068,19524900.76,60033573.37,19677661.07,63582439.59,152760.31,3548866.22,15,38,24.2162,0.0592,0.008179304,575,321,949,33093.05214,167224.4384,350.945,90090.09,258.9157797,9885.421226,30.685,30.685000000000002
E306,个体经营E306 ,0.020298834,0.122211857,3717601.32,14122634.6,4072362.83,15101050.69,354761.51,978416.09,26,53,45.7059,0.0508,0.000217564,1225,329,1633,2971.703693,36970.24764,252.43,19960.85,283.5823421,2561.298665,13.66,13.66
E307,***通信工程有限公司,0.047832285,0.040002073,3088189.51,7263584.1,3239157.43,7909138.02,150967.92,645553.92,9,17,16.6667,0.0473,0.000332831,452,98,576,6698.892646,63161.60087,373.58,90909.09,327.4792191,5613.512347999998,31.06,31.06
E308,***餐饮文化服务有限公司,0.120638585,0.105060116,8605501.13,13141775.56,8784915.05,13536026.63,179413.92,394251.07,27,402,56.7568,0.2043,0.000137684,487,1613,2529,16742.2201,6521.972983,9523.81,9514.56,349.0543191,195.6580993,62.78,62.78
E309,个体经营E309 ,0.016619901,0.115524461,7092383.3,15409490.38,7575837.8,16305259.4,483454.5,895769.02,52,39,31.6,0.0823,0.000212994,934,172,1197,7193.086511,73030.76009,1315.305,90909.09,490.3189655000001,4245.350806,64.02,64.02
E310,***律师事务所,0.033726629,0.24257670000000006,3807608.66,12080004.84,3994194.92,12563762.17,186586.26,483757.33,23,59,89.5806,0.0295,9.07e-05,1839,938,2859,2044.90261,12116.3539,262.93,9433.96,100.2074436,485.21296889999985,27.795,27.795
E311,***律师事务所,0.017696261,0.266353648,2067490.98,11933029.58,2221758.2,12291020.05,154267.22,357990.47,30,56,108.3333,0.0294,9.81e-05,2514,411,3011,812.6929953,25552.52587,232.76,17475.73,60.6396305,766.5748822,27.59,27.59
E312,***家居用品有限公司,0.097320192,0.143157131,79087810.35,12700967.88,89814136.49,14708280.88,10726326.14,2007313.0,219,17,137.8108,0.0463,0.003003632,4433,666,5335,17000.81908,18595.85341,688.35,9664.96,2305.745086,2938.964861,33.120000000000005,33.120000000000005
E313,***物流有限公司,0.038473705,0.020990879,7268359.72,14139592.71,8362495.58,15571712.06,1094135.86,1432119.35,6,18,15.8947,0.0397,8.070000000000001e-05,325,279,628,21958.79069,47608.05626000001,4666.04,46877.4,3305.546405,4821.9506729999985,370.96,370.96
E314,***房地产营销策划有限公司,0.032401721,0.211650083,2981986.12,8415581.62,3103712.26,8669935.0,121726.14,254353.38,12,17,37.4167,0.0215,4.05e-05,1237,110,1376,2387.498895,66264.4222,256.41,87378.64,97.4588791,2002.78252,28.63,28.63
E315,***轮胎有限公司,0.2200129,0.024941957,2539692.83,11721213.12,2904454.68,13543071.22,364761.85,1821858.1,12,47,50.2368,0.0309,8.04e-05,376,1533,1968,6545.600077,7418.489315999998,438.35,8992.185,940.1078608,1153.074747,35.56999999999999,35.56999999999999
E316,个体经营E316 ,0.179704864,0.056753731,2563049.9,12084765.12,2869768.45,13861041.59,306718.55,1776276.47,13,52,32.1667,0.0561,0.00021992,754,404,1223,3341.655671,26501.67789,268.93,12750.775,399.893807,3895.343136,27.6,27.6
E317,***科技有限公司,0.019308747,0.023911692,1796837.17,6948819.18,1913797.47,7394737.97,116960.3,445918.79,7,38,16.1875,0.0869,4.68e-05,347,171,563,5075.811215,33247.93866,279.61,22783.02,330.3963277,2133.582727,15.96,15.96
E318,***商贸有限公司,0.041191309,0.029174959,1195469.02,12911418.38,1286101.44,14933112.82,90632.42,2021694.44,3,60,17.0,0.0975,6.23e-05,297,349,709,3984.896733,31568.2601,2468.39,28908.62,302.1080667,4943.018190999999,157.02,157.02
E319,个体经营E319 ,0.020769228,0.020590796,7624480.37,14883733.44,8809043.58,17260807.58,1184563.21,2377074.14,6,51,24.0833,0.0657,0.000128451,176,691,924,41892.74929,20058.93995,31988.88,11615.82,6508.589066,3203.603962,5174.145,5174.145
E320,***建筑设计有限公司,0.193087469,0.049612355,6814313.23,9018084.95,6886298.12,9559170.31,71984.89,541085.36,13,6,10.7667,0.0588,0.00125041,231,92,342,27927.51324,92021.275,526.895,94339.62,295.020041,5521.279184,55.035,55.035
E321,***生物流有限公司,0.011268913,0.026181592000000004,5370699.1,12733713.59,6190283.45,13995829.11,819584.35,1262115.52,1,62,11.5405,0.1475,0.000198133,62,365,490,85249.19206,29821.3433,80245.95,18181.82,13009.2754,2955.774052,12917.09,12917.09
E322,***装饰工程设计有限公司,0.243731847,0.052377695,9642730.76,10939325.34,10907439.26,12243731.3,1264708.5,1304405.96,20,48,57.2,0.0396,0.000215238,884,832,1784,10666.73757,12431.05152,342.8,8698.28,1399.013827,1482.2795,33.345,33.345
E323,***建筑装饰工程有限公司,0.054434233,0.058171642,4609565.64,6982099.19,4998167.25,7599033.6,388601.61,616934.41,33,48,22.5,0.1385,0.00017734,468,117,666,9200.72982,42315.75267,500.0,9433.96,775.6519162000002,3738.996424,46.59,46.59
E324,***汽贸有限公司,0.078444865,0.295549337,82585280.67,17089100.93,95633469.88,18635217.04,13048189.21,1546116.11,52,77,51.5676,0.0676,0.002573787,1569,339,2037,50947.11948,41079.56954,55370.94,43333.79,8049.468976,3716.625264,8835.17,8835.17
E325,***通讯器材有限公司,0.80445991,0.056878109,32024921.16,12632810.98,36405246.56,14322690.61,4380325.4,1689879.63,17,179,118.7895,0.0434,0.000333661,513,4001,4710,60424.37955,3022.203584,8435.05,1345.97,8264.764906,404.2774234,1046.6,1046.6
E326,***包装材料有限公司,0.027823083,0.03183665,9462525.45,12194755.07,10951030.25,14108649.29,1488504.8,1913894.22,16,17,13.2647,0.0732,6.43e-05,270,181,484,33085.75332,61589.67207000001,9734.51,65050.83,5204.562238,9666.132424,1461.24,1461.24
E327,个体经营E327 ,0.136028068,0.059977197,11557876.2,19166453.95,13305927.11,22258641.1,1748050.91,3092187.15,14,20,19.9167,0.0474,0.000185389,466,251,751,24078.90875,70724.92232,776.28,80743.61,3641.772729,11410.28469,72.65,72.65
E328,***科技有限公司,0.016907478,0.132126866,2782471.34,9554580.53,3137358.17,10449155.58,354886.83,894575.05,18,20,19.7,0.0643,0.000297147,447,144,629,5983.809333,58259.63737999999,467.25,69473.47,763.1974839,5454.725915,62.97,62.97
E329,***园艺有限责任公司,0.049298928,0.009535655,1251.89,11443130.35,1327.0,11443130.35,75.11,0.0,0,5,6.7895,0.0388,0.00036544,5,124,134,250.378,88706.43682,264.15,98990.0,15.022,0.0,15.85,15.85
E330,***酒店管理有限公司,0.993114583,0.105257048,2891276.55,8344504.18,3072365.88,8594844.24,181089.33,250340.06,30,60,239.9211,0.0099,1.6e-05,1344,7773,9207,2104.276965,1065.301185,365.93,815.53,131.7971834,31.95966552,27.59,27.59
E331,***广告有限公司,0.024478972,0.009535655,1265768.59,6302781.83,1344783.22,6680948.75,79014.63,378166.92,5,7,6.4857,0.0529,7.58e-05,139,88,239,8790.059653,66345.07188999999,772.645,84905.66,548.7127082999998,3980.704421,49.755,49.754999999999995
E332,***商贸有限公司,0.244440519,0.077048093,16836139.15,31121665.44,19155299.68,36255166.03,2319160.53,5133500.59,20,10,32.2973,0.0251,0.001036643,817,378,1225,20114.86159,80210.47794,533.62,96153.85,2770.801111,13230.67162,56.27,56.27
E333,***房地产营销策划有限公司,0.071610801,0.054004975,1329261.91,7738982.96,1442211.6,7971152.36,112949.69,232169.4,5,10,28.5588,0.0154,2.54e-05,844,127,986,1565.679517,56488.92672,320.39,64647.56,133.03850409999998,1694.667153,31.28,31.28
E334,***机械科技有限公司,0.056028232,0.020570066,5469586.86,8293002.83,6321564.73,9595133.97,851977.87,1302131.14,3,12,10.7097,0.0452,9.34e-05,147,185,347,36463.9124,42096.46107,8395.65,31139.82,5679.8524670000015,6609.802741,1104.42,1104.42
E335,***挖掘机租赁经营部,0.20011462,0.156279022,3649255.35,5929203.35,4056798.01,6541822.59,407542.66,612619.24,8,68,30.5652,0.1081,0.000202782,431,272,779,8312.654556,17438.83338,557.63,9699.03,928.3431891,1801.821294,55.39,55.39
E336,***猕猴桃专业合作社,0.027823083,0.011608624,262083.75,2888366.5,262138.0,2890978.61,54.25,2612.11,0,5,3.9286,0.0909,0.00016928,7,48,60,37440.53571,54497.48112999999,264.15,80000.0,7.75,49.28509434,6.7,6.7
E337,个体经营E337 ,0.025333487,0.007808872,297419.97,12994088.84,322667.78,14567925.75,25247.81,1573836.91,3,76,20.6667,0.1062,0.000184568,66,678,823,4310.434348,17233.53958,318.97,8024.3,365.9102899,2087.3168570000007,35.17,35.17
E338,***商贸有限公司,0.025333487,0.027924959,588726.58,7976163.78,623048.61,8322153.27,34322.03,345989.49,1,7,10.0909,0.024,4.650000000000001e-05,251,82,341,2336.216587,89619.81775,403.335,89098.05,136.1985317,3887.52236,46.09,46.09
E339,***居益卫浴家俬厂,0.017460037,0.030715174,2892673.65,4109837.67,3332779.6,4736213.77,440105.95,626376.1,0,8,12.7826,0.0272,1.7100000000000002e-05,126,168,302,22957.72738,23351.3504,9803.79,12397.885,3492.904365,3558.955114,1284.48,1284.48
E340,***物流有限公司,0.011640709,0.014718076,33895.0,8360609.21,36670.0,8611427.4,2775.0,250818.19,1,27,4.4545,0.1905,0.000117172,10,137,175,3081.363636,50979.32445,2358.49,67961.17,252.2727273,1529.379207,141.51,141.51
E341,***纺织品有限公司,0.013008755,0.022663765,1434811.7,3700509.66,1645069.24,4259960.0,210257.54,559450.34,0,6,7.1765,0.0492,3.12e-05,53,69,128,27071.91887,49340.1288,651.46,45000.0,3967.123396,7459.337867,65.0,65.0
E342,***裕华机械厂,0.023320447,0.037902156,2327094.27,5930717.5,2669954.62,6842231.2,342860.35,911513.7,18,27,9.9211,0.1194,2.11e-05,245,132,422,8848.267186,37300.11006,2653.33,31681.04,1303.651521,5732.790566,391.15,391.15
E343,***五金工具经营部,0.138402633,0.019900498,792.45,2762432.18,840.0,2845389.71,47.55,82957.53,0,32,10.9189,0.0792,5.64e-06,3,401,436,264.15,6379.750993,264.15,7852.52,15.85,191.5878291,15.85,15.85
E344,***机械有限公司,0.004607396,0.01388267,1420974.66,2407484.28,1615509.89,2779122.0,194535.23,371637.72,3,5,5.4211,0.0388,1.18e-05,118,88,214,11743.59223,25886.92774,1698.11,16293.11,1607.729174,3996.104516,101.04,101.04
E345,***科技有限公司,0.013922839,0.015632255,587208.15,2592384.57,665754.14,2900390.0,78545.99,308005.43,4,12,9.2571,0.0494,7.88e-06,249,75,340,2320.98083,29797.52379,265.48,18594.34,310.4584585,3540.292299,23.58,23.58
E346,个体经营E346 ,0.0298998,0.056753731,2359028.11,2577758.13,2720392.92,2982734.97,361364.81,404976.84,9,40,30.3333,0.0449,7.1e-06,487,605,1141,4756.10506,3996.524233,723.93,2834.19,728.5580847,627.8710698,96.415,96.41499999999999
E347,***不锈钢材料有限公司,0.012209701000000002,0.004929519,980033.03,2210455.94,1128927.58,2565050.66,148894.55,354594.72,2,40,6.8919,0.1647,2.04e-06,85,170,297,11264.74747,10525.98067,7414.65,4845.04,1711.431609,1688.546286,1111.7,1111.7
E348,***酒店管理有限公司,0.293981833,0.024436153,794499.62,2375709.13,814934.11,2446984.22,20434.49,71275.09,8,219,124.7647,0.0535,1.62e-06,192,4050,4469,3972.4981,556.5024900000002,1266.64,539.81,102.17245,16.69596861,48.06,48.06
E349,***营销策划广告有限公司,0.080110758,0.006080016999999999,6878.61,3329073.81,7446.05,3428946.0,567.44,99872.19,0,0,4.8,0.0,1.33e-05,9,39,48,764.29,85360.86692,311.32,97087.38,63.04888889,2560.825385,18.68,18.68
E350,***演艺设备有限公司,0.005057248,0.06604063,411821.24,1710035.17,447977.7,1763403.0,36156.46,53367.83,6,8,21.0938,0.0207,4.6e-06,623,52,689,654.723752,28500.58617,182.52,18932.04,57.48244833,889.4638332999998,25.31,25.31
E351,***文化传播有限公司,0.013818079,0.018173715,300609.65,1316222.56,311474.05,1355709.1,10864.4,39486.54,1,8,5.4286,0.0592,3.43e-06,100,52,161,2976.333168,21937.04267,323.3,8912.63,107.5683168,658.1089999999998,15.85,15.85
E352,***居装饰工程有限公司,0.0013700989999999998,0.067118574,13822580.09,2883833.99,14825626.92,2970349.0,1003046.83,86515.01,8,5,21.1351,0.0166,6.34e-05,735,47,795,18603.74171,55458.34596000001,9433.96,63983.01,1349.995734,1663.750192,566.04,566.04
E353,***税务师事务所有限公司,0.006162366,0.013213101,357364.78,3415753.09,374755.78,3521566.64,17391.0,105813.55,10,12,8.5882,0.0753,1.8100000000000006e-05,224,68,314,1527.199915,42696.91363,492.72,38300.97,74.32051282,1322.669375,25.07,25.07
E354,***广告有限公司,0.056256239000000006,0.024836235,606545.29,2428586.87,681580.0,2501945.48,75034.71,73358.61,2,30,10.2286,0.0894,6.21e-06,65,293,390,9052.914776,7518.844798999998,8547.01,9708.74,1119.9210449999996,227.1164396,680.42,680.42
E355,***地毯经营部,0.021646338,0.019900498,1010052.1,1254329.47,1060560.0,1291979.81,50507.9,37650.34,1,16,10.2308,0.0639,1.01e-06,3,263,283,252513.025,4495.804552000001,252513.025,3597.09,12626.975,134.94745519999998,12626.975,12626.974999999999
E356,***建材装饰部,0.131843821,0.012991294,16128.3,1515361.66,16160.0,1561234.96,31.7,45873.3,0,2,7.1111,0.0104,3.07e-06,3,189,194,5376.1,7933.830681,264.15,8808.45,10.56666667,240.1743455,15.85,15.85
E357,***家居经营部,0.048442359,0.009535655,62418.02,1427155.58,66515.2,1469970.02,4097.18,42814.44,0,10,5.9231,0.0649,2.21e-06,10,144,164,6241.802,9267.244026,5532.73,9708.74,409.718,278.0158442,266.375,266.375
E358,***五金经营部,0.072210605,0.019900498,528.3,1943715.19,560.0,2002026.58,31.7,58311.39,0,42,10.0385,0.1609,2.63e-06,2,259,303,264.15,6457.525548,264.15,9174.76,15.85,193.7255482,15.85,15.85
E359,***厨房用品经营部,0.046731276,0.019900498,528.3,1308797.08,560.0,1348061.02,31.7,39263.94,0,19,9.4167,0.0841,1.69e-06,2,224,245,264.15,5385.996214,264.15,5514.56,15.85,161.58,15.85,15.85
E360,***建筑劳务有限公司,0.117084954,0.03026534,792.45,3097442.89,840.0,3190366.11,47.55,92923.22,0,6,5.3333,0.1875,6.92e-05,3,29,38,264.15,88498.36829,264.15,97087.38,15.85,2654.949143,15.85,15.85
E361,***勘察设计工程有限公司,0.010449319,0.130804312,3359845.37,5523458.3,3454442.6,5841677.6,94597.23,318219.3,3,28,9.3214,0.1188,6.54e-05,171,90,292,19309.45615,46808.96864,9708.74,34075.47,543.6622414,2696.773729,291.26,291.26
E362,***建材有限公司,0.035402792999999995,0.006944444,462651.0,4668776.73,507625.8,4808840.0,44974.8,140063.27,4,10,6.3824,0.0645,0.00013015799999999998,122,95,231,3671.833333,44464.54029,460.68,34466.02,356.9428571,1333.935905,16.744999999999994,16.744999999999997
E363,***建筑工程设计有限公司,0.011640709,0.004975124,207411.33,1540336.74,215564.44,1587407.24,8153.11,47070.5,6,9,4.7308,0.122,4.47e-06,93,30,138,2095.063939,39495.81385,305.64,31747.57,82.35464646,1206.935897,16.98,16.98
E364,***电子有限公司,0.015997502,0.01662728,433344.43,2181148.36,474093.95,2526497.1,40749.52,345348.74,0,27,11.7895,0.0603,6.5000000000000004e-06,140,308,475,3095.317357,6510.890627000002,2830.19,7551.28,291.068,1030.891761,169.81,169.81
E365,***信息技术有限公司,0.015062877,0.015064262,1905216.53,4032581.63,2134217.56,4440519.03,229001.03,407937.4,4,12,5.7714,0.0792,0.000285331,126,76,218,14655.51177,45824.79125,538.02,48254.72,1761.546385,4635.652273,37.465,37.465
E366,***房地产经纪有限公司,0.008900511,0.021784826,361648.44,1515935.29,380061.31,1591732.0,18412.87,75796.71,0,1,2.1053,0.025,4.13e-06,21,19,41,17221.35429,75796.7645,186.21,85714.29,876.8033332999997,3789.8355,27.61,27.61
E367,***电子商务有限公司,0.066415927,0.004353234,257996.68,2229588.8,270308.85,2310000.0,12312.17,80411.2,2,17,8.84,0.086,4.35e-06,23,198,240,10319.8672,10370.18047,339.03,9708.74,492.4868,374.0055814,16.36,16.36
E368,***通信科技有限责任公司,0.018487098,0.017717662,537399.71,1352321.3,569524.16,1474118.0,32124.45,121796.7,4,10,4.2,0.1333,1.96e-05,83,22,119,6177.008161,42260.04063,479.25,44097.725,369.2465517,3806.146875,28.66,28.66
E369,***网络技术有限公司,0.041595971,0.01759743,694071.62,1525265.16,805659.18,1767770.9,111587.56,242505.74,9,14,9.7778,0.0653,3.43e-06,152,200,375,4311.003851,7127.407290000001,1572.65,8208.08,693.0904347999998,1133.204393,239.74,239.74
E370,***设计服务部,0.043430302,0.009535655,1049.65,2138034.78,1097.0,2202150.05,47.35,64115.27,1,28,16.8929,0.0613,4.86e-06,3,470,502,262.4125,4293.24253,264.15,3578.645,11.8375,128.7455221,12.005,12.004999999999999
E371,***自动化科技有限公司,0.008216488000000001,0.045812604000000014,187297.41,1541012.49,206082.54,1674165.45,18785.13,133152.96,1,6,4.4167,0.066,8.13e-06,80,26,113,2312.313704,48156.64031,954.37,36102.425,231.9151852,4161.03,29.1,29.1
E372,***汽车维修有限责任公司,0.063455937,0.102819237,565880.77,2289817.29,647327.7,2454489.45,81446.93,164672.16,1,50,22.6053,0.0594,2e-06,323,536,910,1746.545586,3907.538038,172.42,2558.75,251.3794136,281.0105119,23.01,23.01
E373,个体经营E373 ,0.017899619,0.127004561,20310367.51,1334429.8,23371859.15,1521156.78,3061491.64,186726.98,13,3,27.1389,0.0164,0.000173428,868,109,993,23053.76562,11914.55179,1025.64,5260.905,3475.018888,1667.2051789999996,96.45,96.45
E374,***建材经营部,0.019380641,0.012991294,47130.24,1509394.49,48560.0,1554676.33,1429.76,45281.84,0,45,9.0,0.2174,2.31e-06,3,204,252,15710.08,6061.825261,264.15,7160.1,476.5866667,181.8547791,15.85,15.85
E375,***电器经营部,0.005233903,0.019900498,528.3,1072781.26,560.0,1105007.5,31.7,32226.24,0,20,11.5806,0.0557,5.970000000000001e-07,2,357,379,264.15,2845.573634,264.15,1456.31,15.85,85.48074271,15.85,15.85
E376,***建筑装饰设计有限责任公司,0.031128165,0.012991294,6353.54,809828.49,6560.0,834203.28,206.46,24374.79,0,8,3.4286,0.1667,5.62e-06,3,45,56,2117.8466670000007,15279.782830000002,264.15,9708.74,68.82,459.9016981,15.85,15.85
E377,***文化传播有限公司,0.016700012,0.040630182,248557.56,1064546.98,257422.0,1097901.1,8864.44,33354.12,2,29,5.0303,0.1867,4.39e-06,108,58,197,2259.6141820000007,12236.17218,265.49,6505.83,80.58581818,383.3806897,29.06,29.06
E378,***商贸有限公司,0.022981517000000003,0.227197347,1203239.58,1186654.47,1346506.57,1332457.33,143266.99,145802.86,7,64,28.9118,0.0722,7.74e-06,685,298,1054,1738.78552,3278.051022,283.18,1741.59,207.0332225,402.7703315,40.69,40.69
E379,***药业有限公司,0.035176839,0.025356551,1435541.83,2616853.67,1574912.43,2869162.2,139370.6,252308.53,16,84,13.7895,0.1908,4.02e-06,369,155,624,3728.680078,10949.17854,377.36,3897.44,362.0015584,1055.684226,23.62,23.62
E380,***建材有限公司,0.23622403100000006,0.009535655,528.3,1423165.73,560.0,1465860.8,31.7,42695.07,0,22,9.8824,0.131,5.21e-06,2,166,190,264.15,7570.030479000001,264.15,9727.0,15.85,227.1014362,15.85,15.85
E381,***通信网络工程有限公司,0.061036181,0.300031095,86975232.86,1507932.91,99981836.1,1731572.6,13006603.24,223639.69,57,2,49.8919,0.032,0.004239037,1766,80,1905,47709.94671,18389.425730000006,9854.37,13055.69,7134.724761,2727.313293,481.13,481.13
E382,***教育信息咨询有限公司***分公司,0.0,0.009535655,699.24,516453.4,760.0,531947.0,60.76,15493.6,0,0,4.2857,0.0,1.35e-07,2,88,90,349.62,5868.788636,349.62,5825.24,30.38,176.0636364,30.38,30.38
E383,***通讯器材经营部,0.144472563,0.013978027,227271.78,939729.25,234550.0,968120.5,7278.22,28391.25,0,15,6.2,0.121,9.48e-06,13,111,139,17482.44462,7458.168651000001,2990.57,9514.56,559.8630768999999,225.327381,179.43,179.43
E384,个体经营E384 ,0.049298928,0.019307629,2676250.77,2391103.67,3079370.8,2749901.07,403120.03,358797.4,11,5,7.5143,0.0608,2.84e-05,236,27,279,10835.02336,74721.98969,6922.41,87198.275,1632.064899,11212.41875,827.59,827.59
E385,***装饰工程有限公司,0.014378853999999996,0.024046434,18027.46,1101662.52,19184.0,1134712.38,1156.54,33049.86,2,16,2.1579,0.439,1.13e-05,29,12,59,581.5309677,39345.09,247.79,48543.69,37.30774194,1180.352143,23.01,23.01
E386,个体经营E386 ,0.041766463,0.088308458,183899.32,5164038.91,198077.36,5318960.0,14178.04,154921.09,3,12,16.7407,0.0332,4.51e-05,398,54,467,458.6017955,78243.01379,158.12,97087.38,35.35670823,2347.2892420000007,6.37,6.37
E387,***农副产品经营部,0.047832285,0.019900498,1258.42,902446.84,1380.0,929901.0,121.58,27454.16,0,8,3.1786,0.0899,1.88e-07,3,86,97,419.4733333,9600.498298,264.15,9708.74,40.52666667,292.06553189999994,15.85,15.85
E388,***商贸有限公司,0.060742442,0.124347015,93267.56,1171179.88,105595.8,1206451.2,12328.24,35271.32,1,35,16.4865,0.059,6.809999999999999e-07,291,319,646,319.4094521,3308.41774,258.62,2233.01,42.22,99.63649718,38.405,38.405
E389,***清洁服务有限公司,0.115591608,0.009535655,2836.56,471561.62,2880.0,485708.5,43.44,14146.88,0,1,5.9091,0.0154,7.06e-07,2,63,66,1418.28,7368.150312999999,1418.28,9708.74,21.72,221.045,21.72,21.72
E390,***建筑工程有限公司,0.055461294,0.003776949,6885.33,794083.14,7278.8,817905.62,393.47,23822.48,0,0,2.3077,0.0,1.49e-06,16,14,30,430.333125,56720.22429,278.3,61015.3,24.591875,1701.605714,15.845,15.844999999999999
E391,***五金店,0.011459947,0.012991294,839.62,1474162.57,890.0,1519965.07,50.38,45802.5,0,32,8.4474,0.0997,8.67e-07,3,318,353,279.8733333,4211.893057,264.15,2942.23,16.79333333,130.8642857,15.85,15.85
E392,***科技有限公司,0.003722069,0.0499233,88514.42,1166094.92,93949.76,1201454.64,5435.34,35359.72,0,33,11.2778,0.0813,7.890000000000002e-07,179,227,439,494.4939665,4484.980462,171.55,2718.45,30.36502793,135.99892309999998,14.84,14.84
E393,***商贸有限责任公司,0.046445753,0.014718076,396744.61,1031162.39,453325.24,1062120.71,56580.63,30958.32,1,63,15.75,0.1129,2.9e-07,23,544,631,16531.025419999998,1698.784827,18167.7,959.22,2357.52625,51.00217463,2541.355,2541.3549999999996
E394,***环保设计研究院（有限合伙）,0.088327246,0.047145522,855422.41,2363895.17,875844.85,2434812.0,20422.44,70916.83,18,58,15.8286,0.1372,2.11e-05,533,21,630,1552.490762,29922.72367,216.52,0.0,37.06431942,897.6813924,13.06,13.06
E395,***网络科技有限公司,0.016287133,0.01388267,244995.41,3007823.74,279403.02,3511247.85,34407.61,503424.11,4,45,7.0938,0.2159,1.93e-05,133,94,276,1788.287664,21639.01971,279.25,8620.69,251.150438,3621.756187,27.59,27.59
E396,***文化传播有限公司,0.041766463,0.016013681999999998,695239.74,812756.76,786850.18,861522.2,91610.44,48765.44,13,5,7.9697,0.0684,3.19e-06,198,65,281,3294.9750710000008,11610.81086,495.73,1318.865,434.1727014,696.6491428999999,41.38,41.38
E397,***大闸蟹经营部,0.036092978,0.03141791,383834.1,810092.53,442640.0,834413.7,58805.9,24321.17,0,51,10.0667,0.3377,1.03e-06,19,132,202,20201.79474,4426.735137,1886.79,4179.61,3095.047368,132.90256829999998,113.21,113.21
E398,***医疗管理咨询有限公司,0.05135305,0.021237562,78671.58,618867.38,81786.79,637433.35,3115.21,18565.97,1,0,4.9091,0.0062,1.83e-06,73,89,163,1063.129459,6953.566067,533.4,9320.39,42.09743243,208.6064045,16.715,16.715
E399,***装饰工程有限公司,0.006749845,0.032856551,18163.24,504522.15,20171.2,519657.8,2007.96,15135.65,0,4,2.5769,0.0597,2.64e-06,52,15,71,349.2930769,26553.79737,218.38,19000.0,38.61461538,796.6131579,31.91,31.91
E400,***办公用品经营部,0.017509336,0.021784826,63453.47,892471.26,71643.65,919455.7,8190.18,26984.44,0,12,5.1111,0.087,1.16e-06,16,122,150,3965.841875,6660.233284,972.37,7572.82,511.88625,201.3764179,126.41,126.41000000000001
E401,***遮阳技术发展中心,0.028153796,0.006080016999999999,165356.5,511663.96,187070.85,585071.61,21714.35,73407.65,0,38,2.68,0.5672,2.58e-06,28,39,105,5905.589286,6644.986494,1640.865,1720.35,775.5125,953.3461039,185.91,185.91
E402,***商贸有限公司,0.016776014,0.07320480900000001,413456.7,602013.89,482208.0,701477.52,68751.3,99463.63,0,3,4.9375,0.038,2.32e-06,57,22,82,7253.626316,24080.5556,9025.64,16324.79,1206.163158,3978.5452,1506.21,1506.21
E403,***机械有限公司,0.025705283,0.009535655,91462.74,1324264.84,101137.52,1373249.7,9674.78,48984.86,2,9,4.5676,0.0651,2.5e-06,108,61,180,831.4794545,18918.06914,402.425,13479.5,87.95254545,699.7837142999998,23.85,23.85
E404,个体经营E404 ,0.018487098,0.019900498,851261.13,1375746.76,977485.0,1516100.0,126223.87,140353.24,4,6,2.5,0.25,3.61e-05,25,15,50,29353.83207,65511.75048,13793.11,90000.01,4352.547240999998,6683.487619,1932.74,1932.74
E405,***职业技能服务有限公司,0.003081183,0.044776119,95606.22,591627.17,101339.12,609376.0,5732.9,17748.83,1,20,2.3333,0.5,2.31e-06,17,25,63,5311.456667,13147.27044,6705.19,1165.05,318.4944444,394.4184444,402.31,402.31
E406,***招投标代理有限公司,0.025333487,0.005389718000000001,191619.41,1194678.98,198023.79,1230519.35,6404.38,35840.37,0,7,3.1667,0.0921,1.15e-05,52,24,83,3684.988654,38538.03161000001,887.265,35195.15,123.1611538,1156.140968,34.224999999999994,34.224999999999994
E407,***装饰工程有限公司,0.032707785,0.019133499,389478.13,2819818.44,412642.18,2904413.0,23164.05,84594.56,1,13,6.1724,0.0782,2.36e-05,148,31,193,2613.947181,64086.78272999999,265.49,77669.9,155.46342280000005,1922.603636,38.62,38.62
E408,***空调制冷有限责任公司,0.015919446,0.019900498,70013.32,637420.62,77774.1,656562.0,7760.78,19141.38,1,6,2.3214,0.1077,6.18e-07,39,26,72,1750.333,19919.39438,494.235,19417.48,194.0195,598.168125,56.42,56.42
E409,***塑胶有限公司,0.009007325,0.019900498,47059.72,250748.0,49699.0,258270.45,2639.28,7522.45,0,11,4.0385,0.1048,1.78e-07,15,90,116,3137.314667,2482.653465,2830.19,1495.15,175.952,74.47970297,169.81,169.81
E410,***网络科技有限公司,0.001105118,0.074027778,16780.68,415674.57,18876.17,421828.0,2095.49,6153.43,0,1,5.8621,0.0059,2.39e-07,105,65,171,159.816,6298.099545,63.27,3000.0,19.95704762,93.23378788,8.62,8.62
E411,***机电设备有限公司,0.009987141,0.02238806,245753.44,390663.73,251701.03,403056.28,5947.59,12392.55,0,30,5.1765,0.1705,2.32e-07,109,67,206,2254.618716,4027.461134000001,318.96,3689.32,54.56504587,127.75824740000002,43.72,43.72
E412,***汽车贸易有限公司,0.004792267,0.049514925,77545.72,351770.67,81880.36,363536.0,4334.64,11765.33,3,12,6.2857,0.0682,5.73e-08,83,137,235,901.6944186,2360.87698,303.54,1262.14,50.4027907,78.96194631,38.31,38.31
E413,***石材工艺品有限公司,0.041310448,0.052823383,24463.71,341445.51,27243.9,351688.96,2780.19,10243.45,0,7,5.0,0.0737,9.45e-07,62,33,102,394.5759677,8536.13775,202.61,9437.695,44.84177419,256.08625,27.52,27.52
E414,***物流有限责任公司***分公司,0.012618471,0.007462687,9804.72,506504.84,10282.33,521700.0,477.61,15195.16,0,3,1.5455,0.1765,4.29e-06,6,11,20,1634.12,36178.91714,811.685,18737.86,79.60166667,1085.3685710000002,28.315,28.315
E415,***广告设计服务部,0.007770744,0.019900498,17142.86,85328.75,18000.0,87893.2,857.14,2564.45,0,0,9.1304,0.0,0.0,2,208,210,8571.43,410.234375,8571.43,339.805,428.57,12.32908654,428.57,428.57
E416,***科技有限公司,0.031325361,0.008055556,174174.86,226890.14,184593.74,233696.8,10418.88,6806.66,1,2,2.3077,0.1,1.18e-07,7,23,33,21771.8575,9075.6056,419.01,9708.74,1302.36,272.2664,17.265,17.265
E417,***园林景观工程有限公司,0.023622403,0.03594942,155160.66,161669.92,173946.46,166520.0,18785.8,4850.08,1,0,4.2903,0.0075,4.66e-07,127,6,134,1212.192656,26944.98667,227.615,14563.11,146.7640625,808.3466667,33.11,33.11
E418,***营销策划有限公司,0.007074396,0.023173715,46292.93,450804.51,48995.44,464614.4,2702.51,13809.89,0,3,4.55,0.033,3.67e-06,71,20,94,652.0130986,19600.19609,166.04,10695.15,38.06352113,600.43,7.87,7.87
E419,***科技有限公司,0.013351793,0.256109038,11900285.75,52075.47,12034978.24,55200.0,134692.49,3124.53,26,0,33.7368,0.0203,9.33e-05,1278,4,1308,9125.986005,13018.8675,382.465,14716.98,103.2917868,781.1325,18.075,18.075
E420,***康药房,0.005478343,0.023138474,1885593.56,82539.12,2149049.36,94864.23,263455.8,12325.11,2,12,8.2812,0.0528,2.87e-06,151,114,279,12324.14092,655.072381,3897.07,366.38,1721.9333329999995,97.81833333,435.64,435.64
E421,***保温材料有限公司,0.063677782,0.019900498,30393.81,245700.76,32170.0,253071.83,1776.19,7371.07,0,1,2.9375,0.0213,1.51e-06,19,28,48,1599.674211,8472.44,943.4,9770.87,93.48368421,254.1748276,56.6,56.6
E422,***童装店,0.005846031,0.012991294,889.39,28314.81,960.0,29207.61,70.61,892.8,0,3,2.1429,0.1,6.08e-10,3,27,33,296.4633333,943.827,264.15,463.165,23.53666667,29.76,15.85,15.85
E423,***通风设备有限公司,0.008216488000000001,0.012363184,61046.14,78388.34,69051.7,80740.0,8005.56,2351.66,0,1,1.5882,0.037000000000000005,3.25e-08,21,6,28,2906.959048,11198.33429,1456.31,8349.51,381.2171429,335.9514286000001,67.93,67.93
E424,***贸易有限公司,0.018487098,0.016444859,254329.9,87850.24,271999.39,90685.61,17669.49,2835.37,0,6,3.4444,0.0968,1.88e-07,25,37,68,10173.196,2043.028837,1283.02,258.25,706.7796,65.93883721,201.38,201.38
E425,***商贸有限公司,0.100651978,0.047539386,59519.52,152574.75,64760.24,157152.0,5240.72,4577.25,2,8,6.0,0.0794,5.3e-07,116,10,136,504.4027119,8476.375,176.725,9623.3,44.41288136,254.2916667,10.95,10.95
